펀드코드,약칭,펀드명,섹터
300004,인컴플러스1호(C-g),이지스 인컴플러스 일반사모투자신탁 제1호(Class C-g),기타
112679,랜드플랫폼 1-1호,이지스랜드플랫폼일반사모부동산투자신탁제1-1호,복합(오피스)
112119,105호(운용),이지스전문투자형사모부동산투자신탁105호 (운용), 
112188,176호,이지스글로벌일반사모부동산투자신탁176호,주거
112550,403호(3종),이지스제403호전문투자형사모부동산투자유한회사(3종),물류
112194,187호,이지스부동산투자신탁187호,주거
112609,439호(1종),이지스일반사모부동산투자신탁제439호(1종),데이터센터
112265,230호(1종),이지스전문투자형230호사모부동산투자유한회사(1종), 
112802,KDCIP 2호,이지스플랫폼케이디씨아이피2부동산일반사모투자회사,데이터센터
112292,248-1호,이지스전문투자형사모부동산투자신탁248-1호,오피스
112137,73-1호,이지스영국전문투자형사모부동산투자신탁73-1호,복합(오피스)
112384,313호,이지스글로벌전문투자형사모부동산투자신탁313호, 
112041,40호,이지스해외간접ELP사모부동산투자신탁제40호,물류
112279,232호,이지스일반사모부동산투자신탁232호(운용),특별자산
112300,254호,이지스글로벌전문투자형사모부동산투자신탁254호,리테일
120082,경산로지스1-1호(1종),이지스경산로지스일반사모부동산투자신탁제1-1호(1종),물류
112510,333호,이지스제333호일반사모부동산투자신탁(운용),호텔
112393,222호,이지스제222호전문투자형사모부동산투자회사(운용),오피스
120033,랜드플랫폼1-3호(2종),이지스랜드플랫폼일반사모부동산투자신탁제1-3호(2종),지분증권
112773,KCIP 1호,IGIS Korea Credit Investment Platform I,대출채권
112406,33호(3종),이지스일반사모부동산투자신탁33호(3종),호텔
112407,360호,이지스전문투자형사모투자신탁360호, 
120103,501호(4종),이지스일반사모부동산자투자신탁제501호(4종),데이터센터
112418,357호,이지스캘리포니아일반사모부동산투자신탁357호(재간접형),오피스
120029,인컴앤그로스2-4-4호(1종),이지스인컴앤그로스제2의4의4호일반사모부동산자투자회사(1종),물류
112730,라이징K리츠(C-I),이지스 라이징 K리츠 부동산투자신탁(리츠-재간접형)C-I class,지분증권
112343,304호,이지스글로벌전문투자형사모부동산투자신탁304호,기타
120039,국내PF재구조화1호(자),이지스국내PF재구조화 일반사모부동산자투자신탁 제1호,NPL
112187,144호(C-i),이지스전문투자형사모부동산투자신탁144호(Class C-i), 
112156,147호,이지스전문투자형사모투자신탁147호, 
112163,161호,이지스부동산투자신탁161호,복합(오피스)
112263,셀렉리츠1호(C-S),이지스글로벌셀렉트리츠일반사모부동산투자신탁 1호 Class C-S,기타
112574,426호(1종),이지스일반사모부동산투자신탁제426호(1종),물류
112476,372호(1종),이지스제372호전문투자형사모부동산투자신탁(1종),오피스
112696,463호(A종),이지스제463호부동산일반사모투자회사(A종),지분증권
112070,80호,이지스제80호사모부동산투자유한회사, 
112129,116-2호,이지스일반사모부동산자투자신탁116-2호,물류
112334,시그니처리츠,이지스글로벌시그니처리츠전문투자형사모부동산투자신탁,기타
112259,246호,이지스전문투자형사모부동산투자신탁246호,특별자산
112312,287호(A),이지스리테일부동산투자신탁287호 Class A,리테일
300070,초단기채1호(C-I),이지스초단기채플러스일반사모투자신탁제1호(Class C-I),기타
112335,시그니처리츠(A),이지스글로벌시그니처리츠전문투자형사모부동산투자신탁Class A,기타
112352,317호,이지스전문투자형사모부동산투자신탁317호(운용), 
200043,568호,이지스아디안크레딧일반사모투자신탁568호,역외재간접
112315,290호(A),이지스전문투자형사모부동산투자신탁290호(Class A), 
112013,18B호,이지스KORIF사모부동산자투자신탁18B호,지분증권
112169,151호(1종),이지스제151호전문투자형사모부동산투자유한회사(1종),주거
112045,26호,이지스사모부동산투자신탁26호,오피스
112765,기회추구3호,이지스기회추구일반사모부동산자투자신탁제3호,복합(오피스)
112040,45호,이지스KORIF45호, 
112794,510호,이지스제510호부동산일반사모투자회사,오피스
112723,라이징K리츠(A),이지스 라이징 K리츠 부동산투자신탁(리츠-재간접형)A class,지분증권
112277,259호,이지스전문투자형사모부동산투자신탁259호,주거
120012,524호,이지스일반사모부동산투자신탁제524호,지분증권
300085,블루ON3호,이지스블루ON일반사모투자신탁제3호,기타
112117,118호,이지스전문투자형사모투자신탁118호,특별자산
112412,NPL2-2호,이지스NPL전문투자형사모부동산투자신탁제2-2호,NPL
112399,331호(3종),이지스전문투자형사모부동산투자신탁제331호(3종),복합(주거)
112432,고배당리츠(C-F),이지스글로벌고배당리츠플러스부동산투자신탁(리츠-재간접형) Class C-F,지분증권
112060,66호,이지스KORIF66호, 
112198,170-2호,이지스일반사모부동산자투자신탁제170-2호,호텔
112083,95-1호,이지스전문투자형사모부동산투자신탁제95-1호, 
120006,517-1호(4종),이지스일반사모부동산자투자신탁제517의1호(1의4종),복합(주거)
112320,아레나스 1호(자),이지스아레나스케이엘아이피1사모부동산자투자회사,물류
300030,K본드알파2호(C1),이지스K본드알파일반사모투자신탁제2호(Class C1),기타
112446,리빙플랫폼1호(1종),이지스리빙플랫폼일반사모부동산자투자신탁제1호(1종),지분증권
112403,335호(F),이지스글로벌부동산투자신탁335호(파생형) (Class F), 
112184,182호,이지스전문투자형사모부동산투자신탁182호,오피스
112141,130-3호,이지스일반사모부동산자투자신탁제130-3호,오피스
112327,281호(C-I),이지스글로벌공모부동산투자신탁281호(파생형) (Class C-I),물류
112090,103호(B),이지스제103호전문투자형사모부동산투자유한회사(Class B),리테일
112758,T-프런티어1호(C),이지스코어멀티에셋EMP일반사모투자신탁제1호(Class C),기타
112063,70호,이지스글로벌일반사모부동산투자신탁70호,오피스
190015,572호(보통주),이지스제572호부동산일반사모투자회사(보통주),데이터센터
112151,152호,이지스전문투자형사모투자신탁152호(재간접형), 
200044,575호,이지스미국일반사모부동산투자신탁575호,대출채권
112441,고배당리츠(S-P2),이지스글로벌고배당리츠플러스부동산투자신탁(리츠-재간접형) Class S-P2,지분증권
112652,부산특구1호(C-s),이지스부산특구부동산투자신탁제1호(C-S),오피스
112232,226호,이지스SH2전문투자형사모부동산투자신탁226호, 
112650,부산특구1호(A-e),이지스부산특구부동산투자신탁제1호(C-e),오피스
112227,214호(C),이지스전문투자형사모투자신탁214호(Class C), 
112492,389호(2종),이지스전문투자형사모부동산투자신탁제389호(2종),리테일
300084,블루ON2호(ClassI),이지스블루ON일반사모투자신탁제2호(Class I),기타
112121,105호(C1),이지스전문투자형사모부동산투자신탁105호 (Class C1), 
112233,223호,이지스전문투자형사모부동산투자신탁223호, 
112218,178호(1종),이지스전문투자형사모부동산투자신탁178호 1종,오피스
112754,리츠온1호,이지스 리츠온(REITs ON) 일반사모투자신탁 제1호, 
112101,100호,이지스일반사모부동산투자신탁100호,오피스
112084,95-2호,이지스전문투자형사모부동산투자신탁제95-2호, 
112772,ISP 1호,IGIS Strategic Partnership I,기타
112718,485호,이지스미국일반사모부동산투자신탁485호,복합(오피스)
112097,109-1호,이지스글로벌일반사모부동산자투자신탁109-1호,대출채권
P00021,P청담PH129,청담펜트하우스 PFV,주거
112724,라이징K리츠(A-e),이지스 라이징 K리츠 부동산투자신탁(리츠-재간접형)A-e class,지분증권
112376,330호(1종),이지스일반사모부동산투자신탁제330호(1종),복합(리테일)
112671,472호(보통주),이지스제472호일반사모부동산투자회사(보통주),데이터센터
R00005,R글로벌성장,이지스글로벌성장위탁관리부동산투자회사 주식회사, 
112791,리빙플랫폼1호(3종),이지스리빙플랫폼일반사모부동산자투자신탁제1호(3종),지분증권
112176,166호(A종),이지스임대주택일반사모부동산투자신탁166호(재간접형) A종,주거
300007,하이일드공모주1호(A),이지스 하이일드 공모주 일반사모투자신탁 제1호(Class A),기타
112426,고배당리츠(A),이지스글로벌고배당리츠플러스부동산투자신탁(리츠-재간접형) Class A,지분증권
112801,기회추구2-3호,이지스기회추구일반사모부동산모투자신탁제2-3호, 
112294,270호,이지스전문투자형사모부동산투자신탁270호,특별자산
112253,239호(A),이지스부동산투자신탁239호 (Class A), 
112358,310호(A),이지스글로벌공모부동산투자신탁310호(파생형) (Class A), 
120060,반포1-1호,이지스반포스페셜시츄에이션일반사모부동산투자신탁제1-1호,NPL
112251,238호,이지스센츄리온제238호전문투자형사모부동산투자유한회사,호텔
120113,421호(C-1종),이지스일반사모부동산투자신탁421호(C-1종),지분증권
190006,542호(1종),이지스제542호부동산일반사모투자회사(제1종),주거
112245,230호,이지스전문투자형230호사모부동산투자유한회사(운용),물류
112130,116-3호,이지스일반사모부동산자투자신탁116-3호,물류
112091,96호,이지스전문사모부동산투자신탁96호, 
200045,580호,이지스글로벌부동산일반사모투자회사580호,주거
112166,162호(운용),이지스전문투자형사모투자신탁162호(운용),주거
112230,201호,이지스글로벌일반사모부동산투자신탁201호,리테일
P00040,P산하아이에프피,산하아이에프피피에프브이 주식회사,물류
112236,228호,이지스미국일반사모부동산투자신탁228호,호텔
112530,25호(1종),이지스전문투자형사모부동산투자신탁25호(1종),오피스
112014,18-2호,이지스KORIF사모부동산모투자신탁18-2호,오피스
112416,336호(2종),이지스전문투자형사모부동산투자신탁제336호 (2종), 
112110,117호,이지스코어오피스공모부동산투자신탁제117호,오피스
112339,300호(1종),이지스글로벌일반사모부동산투자신탁300호 (1종),물류
112050,46호,이지스해외간접PTELF사모부동산투자신탁제46호,물류
112167,162호(P),이지스전문투자형사모투자신탁162호(Class P), 
120107,130-5호,이지스일반사모부동산자투자신탁제130-5호,오피스
120106,130-4호,이지스일반사모부동산자투자신탁제130-4호,오피스
112454,367호(1종),이지스전문투자형사모부동산투자유한회사367호(1종), 
120034,랜드플랫폼1-3호(3종),이지스랜드플랫폼일반사모부동산투자신탁제1-3호(3종),지분증권
112284,250-2호,이지스글로벌전문투자형사모부동산투자신탁 250-2호, 
112145,138호,이지스미국전문투자형사모부동산투자신탁 138호, 
112123,105호(C3),이지스전문투자형사모부동산투자신탁105호 (Class C3), 
112272,248호(2종),이지스일반사모부동산투자신탁248호(2종),오피스
112523,398호,이지스글로벌일반사모투자신탁398호,복합(오피스)
112192,163-1호,이지스유럽일반사모부동산자투자신탁163-1호,오피스
112222,204호(파생형),이지스글로벌부동산투자신탁204호(파생형),오피스
112711,멀티인컴1호(A),이지스 멀티인컴 일반사모투자신탁 제1호(Class A),기타
112296,268호,이지스전문투자형사모투자신탁268호,복합(오피스)
112240,210호(B종),이지스제210호전문투자형사모부동산투자회사(최선순위B종), 
112020,17-2호,이지스KORIF사모부동산투자신탁17-2호,오피스
112591,416호(2종),이지스일반사모부동산투자신탁제416호(2종),복합(오피스)
112377,330호(2-A종),이지스일반사모부동산투자신탁제330호(2-A종),복합(리테일)
112462,371호(1종),이지스제371호전문투자형사모부동산투자회사(1종), 
112078,86호,이지스전문투자형사모부동산투자신탁86호,오피스
112204,196호(A),이지스부동산투자신탁196호(Class A), 
112044,43-2호,이지스사모부동산자투자신탁43-2호,호텔
112672,473호,이지스일반사모부동산투자신탁제473호(운용),지분증권
112307,NPL2호,이지스NPL일반사모부동산투자신탁제2호,NPL
112219,178호(2종),이지스전문투자형사모부동산투자신탁178호 2종,오피스
112255,241호,이지스전문투자형사모부동산투자신탁241호,특별자산
112796,18A호(1종),이지스일반사모부동산자투자신탁18A호(1종),리테일
112546,스트래티직1-4호,이지스스트래티직일반사모부동산모투자신탁제1-4호,오피스
112654,460호(1종),이지스일반사모부동산투자신탁460호(1종),주거
112108,112호,이지스글로벌전문투자형사모부동산투자신탁112호,호텔
300069,초단기채1호(C),이지스초단기채플러스일반사모투자신탁제1호(Class C),기타
112741,멀티인컴2호(A),이지스 멀티인컴 일반사모투자신탁 제2호 Class A,기타
112366,299호(A),이지스리테일부동산투자신탁299호 (Class-A),리테일
112461,371호,이지스제371호전문투자형사모부동산투자회사(운용),주거
112749,장기지분형1-1호(1종),이지스장기지분형일반사모부동산자투자신탁제1-1호(1종),물류
112716,KLIP 2호,Korea Logistics Investment Platform LP, 
R00003,R레지던스,이지스레지던스위탁관리부동산투자회사, 
112610,439호(2종),이지스일반사모부동산투자신탁제439호(2종),데이터센터
112770,부동산론 2호,이지스부동산론일반사모부동산투자신탁제2호,대출채권
112302,284호,이지스전문투자형사모투자신탁284호, 
112196,184호,이지스전문투자형사모부동산투자신탁184호,호텔
120118,451호(최우선),이지스일반사모부동산투자신탁제451호(최우선),물류
112096,104호,이지스제104호전문투자형사모부동산투자유한회사,오피스
112691,463호(1종),이지스제463호부동산일반사모투자회사(1종),오피스
112405,33호(2종),이지스일반사모부동산투자신탁33호(2종),호텔
300042,그린ON1호(C),이지스그린ON일반사모투자신탁제1호(Class C),기타
120013,524호(1종),이지스일반사모부동산투자신탁제524호(1종),지분증권
112805,439호(B종),이지스일반사모부동산투자신탁제439호(B종),데이터센터
112612,하우징플랫폼1호(1종),이지스하우징플랫폼일반사모부동산투자신탁제1호(1종),지분증권
P00039,P용산라이프,용산라이프시티PFV, 
200038,577호,이지스DWS유럽인프라일반사모투자신탁제577호,역외재간접
R00014,R타임워크기업구조조정,주식회사타임워크웨스트기업구조조정부동산투자회사, 
112122,105호(C2),이지스전문투자형사모부동산투자신탁105호 (Class C2), 
120046,코어인프라1호(1종),이지스코어에너지인프라일반사모투자신탁제1호(1종),특별자산
120038,국내PF재구조화1-1호(모),이지스국내PF재구조화 일반사모부동산모투자신탁 제1-1호,NPL
112417,336호(3종),이지스전문투자형사모부동산투자신탁제336호 (3종), 
112102,98-1호,이지스미국일반사모부동산자투자신탁98-1호,오피스
112736,라이징K리츠(S),이지스 라이징 K리츠 부동산투자신탁(리츠-재간접형)S class,지분증권
112311,287호,이지스리테일부동산투자신탁287호,리테일
300056,그린ON3호(C-i),이지스그린ON일반사모투자신탁제3호(Class C-i),기타
120027,451호(3종),이지스일반사모부동산투자신탁제451호(3종),물류
112309,293호,이지스전문투자형사모투자신탁293호,특별자산
112053,54호,이지스사모부동산투자신탁54호,주거
112216,204호(A),이지스글로벌부동산투자신탁204호 (파생형) Class A,오피스
112532,409호,이지스일반사모부동산투자신탁409호(운용),복합(오피스)
200040,561호,이지스아디안인프라세컨더리일반사모투자신탁561호,역외재간접
112199,196호,이지스부동산투자신탁196호,복합(오피스)
112561,424호,이지스제424호전문투자형사모부동산투자회사(운용),오피스
112271,248호(1종),이지스일반사모부동산투자신탁248호(1종),오피스
112019,17-1호,이지스KORIF사모부동산투자신탁17-1호,오피스
112237,스트래티직 1호,이지스스트래티직일반사모부동산자투자신탁제1호,복합(오피스)
112784,K본드알파1호(C-i),이지스 K본드알파 일반사모투자신탁 제1호(Class C-i),기타
112628,442호,이지스제442호일반사모부동산투자회사, 
112326,281호( A),이지스글로벌공모부동산투자신탁281호(파생형) (Class A),물류
112470,기회추구2-2호,이지스기회추구전문투자형사모부동산모투자신탁제2-2호,지분증권
112331,243-1호(1종),이지스글로벌일반사모부동산투자신탁243-1호(재간접형)(1종),물류
112468,374호(1종),이지스제374호전문투자형사모부동산투자유한회사(1종), 
112422,353호(1종),이지스일반사모부동산투자신탁제353호(1종),복합(오피스)
112635,리츠플랫폼(C-g),이지스리츠플랫폼일반사모부동산투자신탁 Class C-i, 
112419,357호(1종),이지스캘리포니아전문투자형사모부동산투자신탁357호(재간접형) (1종),오피스
112735,라이징K리츠(C-W),이지스 라이징 K리츠 부동산투자신탁(리츠-재간접형)C-W class,지분증권
112281,232호(2종),이지스일반사모부동산투자신탁232호(2종),특별자산
112363,316-1호,이지스글로벌일반사모부동산자투자신탁316-1호,주거
112507,지엘아이피1-1호(2종),이지스지엘아이피일반사모투자신탁1-1호(2종),물류
112118,124호,이지스전문투자형사모투자신탁124호,오피스
112702,13호(2종),이지스일반사모부동산투자신탁13호(2종),리테일
112513,393호,이지스글로벌전문투자형사모부동산투자신탁393호, 
300076,그린ON4호,이지스그린ON 일반사모투자신탁제4호(운용),기타
112402,335호(A),이지스글로벌부동산투자신탁335호(파생형) (Class A), 
112313,287호(C-I),이지스리테일부동산투자신탁287호 Class C-I,리테일
112351,스트래티직1-2-3호,이지스스트래티직일반사모부동산자투자신탁제1-2-3호,복합(오피스)
112565,405호,이지스글로벌전문투자형사모부동산모투자신탁405호, 
S00001,S지엘가산메트로,지엘가산메트로, 
112022,17-4호,이지스KORIF사모부동산투자신탁17-4호,오피스
120111,130호(1-1종),이지스일반사모부동산모투자신탁제130호(1-1종),오피스
300009,하이일드공모주1호(C-i),이지스 하이일드 공모주 일반사모투자신탁 제1호(Class C-i),기타
120016,421호(C종),이지스일반사모부동산투자신탁421호(C종),지분증권
112440,고배당리츠(S-P),이지스글로벌고배당리츠플러스부동산투자신탁(리츠-재간접형) Class S-P,지분증권
112533,409호(1종),이지스일반사모부동산투자신탁409호(Class A),복합(오피스)
112134,126호(C-i),이지스코어리테일부동산투자신탁126호(Class C-i),리테일
112283,250-1호,이지스글로벌전문투자형사모부동산투자신탁 250-1호, 
112479,10-1호,이지스전문투자형사모부동산투자신탁10-1호(재간접)(운용),복합(오피스)
112094,101호,이지스글로벌일반사모부동산투자신탁 101호,물류
112525,397호(보통주),이지스제397호전문투자형부동산사모투자회사(보통주),오피스
112428,고배당리츠(A-G),이지스글로벌고배당리츠플러스부동산투자신탁(리츠-재간접형) Class A-G, 
112709,코스닥벤처1호,이지스 코스닥벤처 일반사모투자신탁 제1호,기타
112472,기회추구2-2-1호(C1),이지스기회추구전문투자형사모부동산자투자신탁제2-2-1호(C1),지분증권
112061,67호,이지스제67호사모부동산투자유한회사, 
112211,210호(2종),이지스제210호전문투자형사모부동산투자회사(2종),복합(오피스)
112480,10-1호(1종),이지스전문투자형사모부동산투자신탁10-1호(재간접)(1종),복합(오피스)
112562,424호(보통주),이지스제424호전문투자형사모부동산투자회사(보통주),오피스
P00018,P마곡CP4,마곡CP4피에프브이 주식회사,복합(오피스)
112087,108호,이지스전문사모부동산투자신탁108호, 
112337,시그니처리츠(C-I),이지스글로벌시그니처리츠전문투자형사모부동산투자신탁 Class C-I,기타
120041,성수 PF재구조화(2종),이지스 성수PF재구조화 일반사모부동산투자신탁(2종),NPL
112213,197호,이지스전문투자형사모부동산투자신탁197호,주거
112195,158호,이지스일반사모부동산투자신탁158호,호텔
112332,243-1호(2종),이지스글로벌일반사모부동산투자신탁243-1호(재간접형)(2종),물류
112010,11-2호,이지스KORIF사모부동산 투자신탁 11-2호,오피스
112293,278호,이지스전문투자형사모투자신탁278호,특별자산
112404,33호(1종),이지스일반사모부동산투자신탁33호(1종),호텔
112131,137호,이지스전문투자형사모투자신탁137호(재간접형),특별자산
112120,105호(A),이지스전문투자형사모부동산투자신탁105호 (Class A), 
112415,336호(1종),이지스전문투자형사모부동산투자신탁제336호 (1종), 
112317,287호(C-P),이지스리테일부동산투자신탁287호 Class C-P,리테일
112286,243-1호,이지스글로벌일반사모부동산투자신탁243-1호(재간접형)(운용),물류
112003,2호,피에스KORIF사모부동산투자신탁2호,오피스
120075,43-3호,이지스일반사모부동산자투자신탁43-3호,호텔
112570,KDCIP1(보통주),이지스플랫폼케이디씨아이피1부동산전문투자형사모투자회사(보통주),데이터센터
112052,49호,이지스사모부동산투자신탁49호,오피스
112618,449호,이지스미국인프라일반사모투자신탁449호,대출채권
112177,166호(B종),이지스임대주택전문투자형사모부동산투자신탁166호(재간접형) (B종),주거
112531,25호(2종),이지스일반사모부동산투자신탁25호(2종),오피스
112027,23호,이지스타이탄사모부동산투자신탁23호, 
112088,107호,이지스코어오피스제107호공모부동산투자회사, 
112252,239호,이지스부동산투자신탁239호,복합(오피스)
112155,154호,이지스전문투자형사모투자신탁154호,리테일
112340,300호(2종),이지스글로벌일반사모부동산투자신탁300호 (2종),물류
112081,102호,이지스E코크렙6호전문투자형사모투자신탁102호,리테일
P00003,P오시생숙,오시리아타워레지던스PFV,주거
112103,98-2호,이지스미국일반사모부동산자투자신탁98-2호,오피스
112157,155호,이지스전문투자형사모투자신탁155호(재간접형),리테일
112146,125-2호,이지스일반사모부동산자투자신탁제125-2호,오피스
120065,562의1호(2종),이지스일반사모부동산자투자신탁제562의1호(2종),복합(주거)
120098,372호(3종),이지스국내오피스일반사모부동산투자신탁제372호(3종),오피스
112212,210호(보통),이지스제210호전문투자형사모부동산투자회사(보통),복합(오피스)
112620, 441호,이지스미국전문투자형사모부동산투자신탁 441호, 
112133,126호(A),이지스코어리테일부동산투자신탁126호(Class A),리테일
112603,NPL3-1호,이지스NPL일반사모부동산투자신탁제3-1호,NPL
112356,311호,이지스글로벌전문투자형사모부동산투자신탁311호,오피스
112178,166호(C종),이지스임대주택전문투자형사모부동산투자신탁166호(재간접형) (C종),주거
112241,210호(3종),이지스제210호전문투자형사모부동산투자회사(3종),복합(오피스)
190004,543호(보통주),이지스부동산일반사모투자회사제543호(보통주식),물류
112148,133호,이지스전문투자형사모부동산투자신탁133호,호텔
112651,부산특구1호(C-i),이지스부산특구부동산투자신탁제1호(C-I),오피스
112306,285호,이지스전문투자형사모투자신탁285호,주거
112398,331호(2종),이지스일반사모부동산투자신탁제331호(2종),복합(호텔)
190003,543호(1종),이지스부동산일반사모투자회사제543호(제1종), 
112244,229호(C-I),이지스글로벌부동산투자신탁229호(파생형) (Class C-I),복합(오피스)
112098,109-2호,이지스글로벌일반사모부동산자투자신탁109-2호,대출채권
112395,222호(1종),이지스제222호전문투자형사모부동산투자회사(1종),오피스
112489,388호(2종),이지스전문투자형사모부동산투자신탁제388호(2종), 
112231,225호,이지스SH1전문투자형사모부동산투자신탁225호, 
112025,22호,이지스 KORIF 사모부동산투자신탁 22호,오피스
112633,리츠플랫폼(C-i),이지스리츠플랫폼일반사모부동산투자신탁 Class C-f, 
112777,508호(3종),이지스일반사모부동산투자신탁제508호(3종),지분증권
112164,165호,이지스글로벌일반사모부동산투자신탁165호,호텔
120102,국내PF재구조화1-3호(모),이지스국내PF재구조화일반사모부동산모투자신탁제1-3호,NPL
112220,178호(3종),이지스전문투자형사모부동산투자신탁178호 3종, 
112181,151호(2종),이지스제151호전문투자형사모부동산투자유한회사(2종),주거
300071,초단기채1호(C-S),이지스초단기채플러스일반사모투자신탁제1호(Class C-S),기타
112009,11-1호,이지스KORIF사모부동산 투자신탁 11-1호,오피스
112082,NPL1호,이지스NPL일반사모부동산투자신탁1호,NPL
120030,인컴앤그로스2-4-4호(보통주),이지스인컴앤그로스제2의4의4호일반사모부동산자투자회사(보통주),물류
112545,386호(2종),이지스미국일반사모부동산투자신탁386호(2종),복합(오피스)
112185,144호,이지스전문투자형사모부동산투자신탁144호(운용),오피스
112370,에이치밸류(2종),에이치밸류전문투자형사모부동산투자유한회사(2종),리테일
112328,286호,이지스전문투자형사모부동산투자신탁286호(운용),물류
120119,국내PF재구조화1-4호(모),이지스국내PF재구조화일반사모부동산모투자신탁제1-4호,지분증권
112473,기회추구2-2-1호(C2),이지스기회추구전문투자형사모부동산자투자신탁제2-2-1호(C2),지분증권
120025,애월엔터2종,애월엔터테인먼트일반사모투자신탁(2종),지분증권
112004,5호,피에스KORIF사모부동산투자신탁5호,리테일
112674,473호(2종),이지스일반사모부동산투자신탁제473호(2종),지분증권
112740,멀티인컴2호,이지스 멀티인컴 일반사모투자신탁 제2호(운용),기타
112089,103호(A),이지스제103호전문투자형사모부동산투자유한회사(Class A),리테일
112357,310호,이지스글로벌공모부동산투자신탁310호(파생형), 
112071,81호,이지스제81호사모부동산투자유한회사,오피스
112154,145호,이지스부동산투자신탁145호,복합(오피스)
112161,157호,이지스전문투자형사모투자신탁157호,주거
112673,473호(1종),이지스일반사모부동산투자신탁제473호(1종),지분증권
120043,200호(2종),이지스제200호일반사모부동산투자유한회사(2종),주거
112644,451호(2종),이지스일반사모부동산투자신탁제451호(2종),물류
112099,113호,이지스하남미사전문투자형사모부동산투자신탁113호,주거
112509,지엘아이피1-2호(2종),이지스지엘아이피일반사모투자신탁1-2호(2종),물류
112647,ESG일반사모1호,이지스ESG일반사모투자신탁제1호,특별자산
120067,562의1호(4종),이지스일반사모부동산자투자신탁제562의1호(4종),복합(주거)
112767,시니어하우징 1호,IGIS Senior Living Platform I,주거
120064,562의1호(1종),이지스일반사모부동산자투자신탁제562의1호(1종),복합(주거)
120014,524호(2종),이지스일반사모부동산투자신탁제524호(2종),지분증권
112780,502호(보통주),이지스제502호부동산일반사모투자회사(보통주),오피스
112783,K본드알파1호(C),이지스 K본드알파 일반사모투자신탁 제1호(Class C),기타
300072,초단기채1호(C-P),이지스초단기채플러스일반사모투자신탁제1호(Class C-P),기타
112106,97호(C),이지스전문투자형사모부동산투자신탁97호(Class C),오피스
112221,204호(C-p),이지스글로벌부동산투자신탁204호 (파생형) Class C-i,오피스
112727,라이징K리츠(C-e),이지스 라이징 K리츠 부동산투자신탁(리츠-재간접형)C-e class,지분증권
112465,371호(보통주),이지스제371호전문투자형사모부동산투자회사(보통주), 
112322,291호,이지스일반사모부동산투자신탁제291호,리테일
112046,15호,이지스프랑스오피스사모부동산투자신탁제15호,오피스
112193,163-2호,이지스유럽일반사모부동산자투자신탁163-2호,오피스
112135,132호,이지스글로벌사모일반재간접대체투자신탁 132호,특별자산
112190,186호,이지스전문투자형사모부동산투자신탁186호,주거
112189,183호,이지스전문투자형사모부동산투자신탁183호,주거
112538,408호(B종),이지스제408호일반사모부동산투자신탁(B종),복합(오피스)
112248,240호,이지스전문투자형사모부동산투자신탁240호,오피스
120022,랜드플랫폼,이지스랜드플랫폼일반사모부동산투자신탁, 
112168,162호(C),이지스전문투자형사모투자신탁162호(Class C), 
112743,멀티인컴2호(C-I),이지스 멀티인컴 일반사모투자신탁 제2호 Class C-I,기타
120042,200호(1종),이지스제200호일반사모부동산투자유한회사(1종),주거
P00016,P남대문칠일,남대문칠일피에프브이주식회사,복합(오피스)
112056,64호,이지스사모부동산투자신탁64호,리테일
112105,97호(F),이지스전문투자형사모부동산투자신탁97호(Class F),오피스
120009,518호(1종),이지스용산오피스일반사모부동산투자신탁제518호(1종),오피스
112520,이익참여형메자닌 1호,이지스이익참여형메자닌일반사모부동산자투자신탁제1호,주거
112705,357호(3종),이지스캘리포니아일반사모부동산투자신탁357호(재간접형)(3종),오피스
112054,55호,이지스리테일제55호사모부동산투자유한회사,리테일
112075,85호,이지스일반사모부동산투자신탁85호,리테일
112575,426호(2종),이지스일반사모부동산투자신탁제426호(2종),물류
200041,미국코어인프라1호,이지스미국코어인프라일반사모특별자산투자신탁1호,특별자산
112228,214호(P),이지스전문투자형사모투자신탁214호(Class P), 
112226,214호,이지스전문투자형사모투자신탁214호(운용),호텔
112186,144호(A),이지스전문투자형사모부동산투자신탁144호(Class A), 
120061,501호(3종),이지스일반사모부동산자투자신탁제501호(3종),데이터센터
112113,95호,이지스글로벌전문투자형사모부동산투자신탁95호,오피스
112729,라이징K리츠(C-F),이지스 라이징 K리츠 부동산투자신탁(리츠-재간접형)C-F class,지분증권
112229,220호,이지스전문투자형사모투자신탁220호,복합(오피스)
300049,그린ON2호(I),이지스그린ON일반사모투자신탁제2호(Class I),기타
112447,리빙플랫폼1호(2종),이지스리빙플랫폼일반사모부동산자투자신탁제1호(2종),지분증권
112804,439호(A종),이지스일반사모부동산투자신탁제439호(A종),데이터센터
120092,RE100솔라1호(1종),이지스RE100솔라일반사모투자신탁제1호(1종),특별자산
112500,인컴앤그로스 2호,이지스인컴앤그로스일반사모부동산자투자신탁제2호,복합(오피스)
120087,경산로지스1호(1종),이지스경산로지스제1호일반사모부동산투자회사(1종),물류
112437,고배당리츠(C-P2e),이지스글로벌고배당리츠플러스부동산투자신탁(리츠-재간접형) Class C-P2e,지분증권
112111,117호(A),이지스코어오피스공모부동산투자신탁제117호(Class A), 
112116,119호,이지스미국일반사모부동산투자신탁119호,오피스
112280,232호(1종),이지스일반사모부동산투자신탁232호(1종),특별자산
112386,전문투자형사모1호(2종),이지스전문투자형사모부동산투자신탁1호(2종), 
120032,랜드플랫폼1-3호(1종),이지스랜드플랫폼일반사모부동산투자신탁제1-3호(1종),지분증권
200039,578호,이지스InfraVia유럽인프라일반사모투자신탁제578호,역외재간접
112529,406호,이지스전문투자형사모투자신탁406호,기타
300034,하이일드2호(C1),이지스하이일드공모주일반사모투자신탁제2호(Class C1),기타
112149,151호(3종),이지스제151호전문투자형사모부동산투자유한회사(3종),주거
120088,경산로지스1호(2종),이지스경산로지스제1호일반사모부동산투자회사(2종),물류
112458,370호(C),이지스전문투자형사모투자신탁370호(Class C), 
112776,508호(2종),이지스일반사모부동산투자신탁제508호(2종),지분증권
112436,고배당리츠(C-P2),이지스글로벌고배당리츠플러스부동산투자신탁(리츠-재간접형) Class C-P2,지분증권
P00020,P검단아트,검단아트에스피씨 주식회사,주거
112274,257호,이지스전문투자형사모부동산투자신탁257호,특별자산
120052,수서PF(2종),이지스수서PF재구조화일반사모부동산투자신탁(2종),NPL
112424,353호(2-B종),이지스일반사모부동산투자신탁제353호(2-B종),복합(오피스)
112394,222호(보통주),이지스제222호전문투자형사모부동산투자회사(보통주),오피스
112175,166호,이지스임대주택일반사모부동산투자신탁166호(재간접형),주거
112125,46-1호,이지스유럽일반사모부동산투자신탁46-1호 (재간접형),물류
112179,166호(D종),이지스임대주택전문투자형사모부동산투자신탁166호(재간접형) (D종),주거
112556,418호,이지스한남일반사모부동산투자신탁제418호,복합(오피스)
112453,367호,이지스전문투자형사모부동산투자유한회사367호(운용), 
112414,336호,이지스일반사모부동산투자신탁제336호,리테일
112734,라이징K리츠(C-P2e),이지스 라이징 K리츠 부동산투자신탁(리츠-재간접형)C-P2e class,지분증권
112677,47호(1종),이지스사모부동산투자신탁47호(1종),호텔
112076,84호,이지스글로벌전문투자형사모부동산투자신탁84호,복합(오피스)
112680,468-2호(1종),이지스일반사모부동산투자신탁제468-2호(1종),지분증권
112021,17-3호,이지스KORIF사모부동산투자신탁17-3호,오피스
300013,멀티인컴4호(A),이지스 멀티인컴 일반사모투자신탁 제4호(class A),기타
112349,이지스밸류플러스,㈜이지스밸류플러스위탁관리부동산투자회사,오피스
112031,31호,이지스사모부동산투자신탁31호, 
120054,42호(1종),이지스일반사모부동산투자신탁42호(1종), 
120109,424호(보통주식1-1),이지스제424호전문투자형사모부동산투자회사(보통주식1-1),오피스
112002,8호,피에스KORIF사모부동산투자신탁8호,리테일
112329,286호(1종),이지스전문투자형사모부동산투자신탁286호(1종),물류
112043,43-1호,이지스사모부동산자투자신탁43-1호,호텔
112001,1호,이지스전문투자형사모부동산투자신탁1호,리테일
112062,63호,이지스KORIF63호, 
112238,스트래티직1-1호,이지스스트래티직전문투자형사모부동산모투자신탁제1-1호,오피스
112239,210호(A종),이지스제210호전문투자형사모부동산투자회사(최선순위A종), 
112246,236호,이지스전문투자형사모부동산투자신탁236호,오피스
112124,NPL1-1호,이지스NPL전문투자형사모부동산투자신탁1-1호,NPL
112150,141호,이지스글로벌일반사모부동산투자신탁141호,리테일
112079,99호,이지스KORIF99호, 
112128,코어1호,이지스코어플랫폼일반사모부동산자투자신탁제1호,지분증권
112457,370호(A),이지스전문투자형사모투자신탁370호(Class A), 
112257,239호(C-P),이지스부동산투자신탁239호 (Class C-p), 
112264,244호,이지스전문투자형사모부동산투자신탁244호,리테일
112800,천호SS(2종),이지스천호스페셜시츄에이션일반사모부동산투자신탁(2종),NPL
112225,219호,이지스전문투자형사모부동산투자신탁219호, 
112249,231호,이지스전문투자형사모투자신탁231호,주거
112353,317호(1종),이지스전문투자형사모부동산투자신탁317호(1종), 
112276,258호,이지스전문투자형사모부동산투자신탁258호,특별자산
112282,232호(3종),이지스일반사모부동산투자신탁232호(3종),특별자산
112288,263호(1종),이지스전문투자형사모부동산투자신탁263호 1종,주거
112289,263호(2종),이지스전문투자형사모부동산투자신탁263호 2종,주거
112298,280호,이지스부동산투자신탁280호,주거
112297,277호,이지스전문투자형사모투자신탁277호,오피스
112304,262호,이지스글로벌전문투자형사모부동산투자신탁262호,오피스
112207,208호,이지스전문투자형사모투자신탁208호,주거
112210,210호(1종),이지스제210호전문투자형사모부동산투자회사(1종),복합(오피스)
112314,290호,이지스전문투자형사모부동산투자신탁290호(운용),오피스
112643,451호(1종),이지스일반사모부동산투자신탁제451호(1종),물류
112747,501호(2종),이지스일반사모부동산자투자신탁제501호(2종),데이터센터
P00011,P디오션259,디오션259피에프브이 주식회사,복합(호텔)
112028,24호,이지스사모부동산투자신탁24호,복합(호텔)
112224,215호,이지스미국전문투자형사모부동산투자신탁215호, 
112330,286호(2종),이지스전문투자형사모부동산투자신탁286호(2종),물류
112681,468-2호(2종),이지스일반사모부동산투자신탁제468-2호(2종),지분증권
112342,309호,이지스전문투자형사모부동산투자신탁309호,기타
112301,282호,이지스전문투자형사모투자신탁282호,물류
120081,경산로지스1-1호,이지스경산로지스일반사모부동산투자신탁제1-1호(운용),물류
112345,302호(A),이지스코어리테일부동산투자신탁302호(Class A), 
120007,517-1호(5종),이지스일반사모부동산자투자신탁제517의1호(1의5종),복합(주거)
112359,310호(C-I),이지스글로벌공모부동산투자신탁310호(파생형) (Class C-I), 
112360,310호(C-P),이지스글로벌공모부동산투자신탁310호(파생형) (Class C-P), 
112367,299호(C1),이지스리테일부동산투자신탁299호 (Class-C1),리테일
112369,에이치밸류(1종),에이치밸류전문투자형사모부동산투자유한회사(1종),리테일
112261,셀렉리츠1호(A),이지스글로벌셀렉트리츠일반사모부동산투자신탁 1호 Class A,기타
112215,207호,이지스전문투자형사모투자신탁207호(재간접형),복합(오피스)
112746,501호(1종),이지스일반사모부동산자투자신탁제501호(1종),데이터센터
112378,330호(2-B종),이지스일반사모부동산투자신탁제330호(2-B종),복합(리테일)
112381,기회추구 2호(1종),이지스기회추구일반사모부동산자투자신탁제2호(1종),지분증권
112348,302호(C-P),이지스코어리테일부동산투자신탁302호(Class C-P), 
300040,그린ON1호,이지스그린ON일반사모투자신탁제1호,기타
112397,331호(1종),이지스일반사모부동산투자신탁제331호(1종),복합(호텔)
112693,463-1호,이지스일반사모부동산투자신탁제463-1호(운용),지분증권
112400,97호(C2),이지스일반사모부동산투자신탁97호(Class C2),오피스
112295,266호,이지스미국일반사모부동산투자신탁266호,복합(오피스)
112346,302호(C-I),이지스코어리테일부동산투자신탁302호(Class C-I), 
112429,고배당리츠(C),이지스글로벌고배당리츠플러스부동산투자신탁(리츠-재간접형) Class C,지분증권
112427,고배당리츠(A-e),이지스글로벌고배당리츠플러스부동산투자신탁(리츠-재간접형) Class A-e,지분증권
112434,고배당리츠(C-P),이지스글로벌고배당리츠플러스부동산투자신탁(리츠-재간접형) Class C-P,지분증권
300006,하이일드공모주1호,이지스 하이일드 공모주 일반사모투자신탁 제1호,기타
112431,고배당리츠(C-G),이지스글로벌고배당리츠플러스부동산투자신탁(리츠-재간접형) Class C-G, 
112275,256호,이지스제256호전문투자형사모부동산투자유한회사,주거
300075,하이일드공모주3호,이지스하이일드공모주일반사모투자신탁제3호,기타
112073,78호,이지스글로벌전문투자형사모부동산투자신탁78호,오피스
112512,333호(2종),이지스제333호일반사모부동산투자신탁(2종),호텔
112336,시그니처리츠(C),이지스글로벌시그니처리츠전문투자형사모부동산투자신탁 Class C,기타
112444,354호(2종),이지스전문투자형사모부동산투자신탁제354호(2종),데이터센터
112443,354호(1종),이지스전문투자형사모부동산투자신탁제354호(1종),데이터센터
112572,KDCIP1(2종),이지스플랫폼케이디씨아이피1부동산전문투자형사모투자회사(2종),데이터센터
112072,73호,이지스영국전문투자형사모부동산투자신탁73호,복합(오피스)
112511,333호(1종),이지스제333호일반사모부동산투자신탁(1종),호텔
112452,글로벌리츠목표전환,이지스글로벌리츠목표전환전문투자형사모부동산투자신탁, 
112319,255호,이지스리테일전문투자형사모부동산투자신탁255호, 
112460,373호,이지스전문투자형사모부동산투자신탁373호, 
112455,367호(2종),이지스전문투자형사모부동산투자유한회사367호(2종), 
112515,395호(1종),이지스제395호전문투자형사모부동산투자유한회사(1종),주거
112463,371호(2종),이지스제371호전문투자형사모부동산투자회사(2종), 
112464,371호(3종),이지스제371호전문투자형사모부동산투자회사(3종), 
112467,374호,이지스제374호전문투자형사모부동산투자유한회사(운용), 
112477,372호(2종),이지스제372호전문투자형사모부동산투자신탁(2종),오피스
112323,아레나스1-1호(모),이지스아레나스케이엘아이피1의1사모부동산모투자회사,물류
112423,353호(2-A종),이지스일반사모부동산투자신탁제353호(2-A종),복합(오피스)
112481,10-1호(2종),이지스전문투자형사모부동산투자신탁10-1호(재간접)(2종),복합(오피스)
112387,326호,이지스전문투자형사모투자신탁326호,기타
112571,KDCIP1(1종),이지스플랫폼케이디씨아이피1부동산전문투자형사모투자회사(1종),데이터센터
112488,388호(1종),이지스전문투자형사모부동산투자신탁제388호(1종), 
P00004,P해운대626,해운대626피에프브이 주식회사,호텔
300079,멀티드래곤6호,이지스멀티드래곤일반사모투자신탁제6호,기타
112382,기회추구 2호(2종),이지스기회추구일반사모부동산자투자신탁제2호(2종),지분증권
112469,374호(2종),이지스제374호전문투자형사모부동산투자유한회사(2종), 
200042,579호,이지스글로벌일반사모부동산투자신탁579호,대출채권
112438,고배당리츠(C-W),이지스글로벌고배당리츠플러스부동산투자신탁(리츠-재간접형) Class C-W,지분증권
120076,경산 SS1호,이지스경산스페셜시츄에이션일반사모부동산투자신탁제1호,NPL
112581,420호(1종),이지스제420호전문투자형사모부동산투자회사(1종),복합(오피스)
112152,153호,이지스제153호전문투자형사모부동산투자유한회사,주거
112266,230호(2종),이지스전문투자형230호사모부동산투자유한회사(2종), 
120047,코어인프라1호(2종),이지스코어에너지인프라일반사모투자신탁제1호(2종),특별자산
112655,460호(2종),이지스일반사모부동산투자신탁460호(2종),주거
112491,389호(1종),이지스전문투자형사모부동산투자신탁제389호(1종),리테일
300029,K본드알파2호(A),이지스K본드알파일반사모투자신탁제2호(Class A),기타
112140,130-2호,이지스일반사모부동산자투자신탁제130-2호,오피스
112484,378-1호,이지스글로벌일반사모부동산자투자신탁378-1호,물류
112797,18A호(2종),이지스일반사모부동산자투자신탁18A호(2종),지분증권
112539,386호,이지스미국일반사모부동산투자신탁386호,복합(오피스)
112537,408호(A종),이지스제408호일반사모부동산투자신탁(A종),복합(오피스)
120010,518호(2종),이지스용산오피스일반사모부동산투자신탁제518호(2종),오피스
112517,비즈성장 1호,이지스비즈성장공간플랫폼일반사모부동산투자신탁제1호(재간접형),오피스
112548,403호(1종),이지스제403호전문투자형사모부동산투자유한회사(1종),물류
112371,243-2호,이지스글로벌일반사모부동산투자신탁243-2호(재간접형),물류
112722,라이징K리츠,이지스 라이징 K리츠 부동산투자신탁(리츠-재간접형),지분증권
112551,412호,이지스일반사모부동산투자신탁제412호,오피스
112555,367호(3종),이지스전문투자형사모부동산투자유한회사367호(3종), 
112553,412호(2종),이지스일반사모부동산투자신탁제412호(2종),오피스
112516,395호(2종),이지스제395호전문투자형사모부동산투자유한회사(2종),주거
200003,519호,이지스유럽포트폴리오일반사모부동산투자신탁제519호(대출), 
112567,419호,이지스제419호전문투자형사모부동산투자회사, 
112566,405-1호,이지스글로벌전문투자형사모부동산자투자신탁405-1호, 
112456,370호,이지스전문투자형사모투자신탁370호(운용),주거
120004,517-1호(2종),이지스일반사모부동산자투자신탁제517의1호(1의2종),복합(주거)
112542,411호,이지스일반사모부동산투자신탁제411호,주거
112549,403호(2종),이지스제403호전문투자형사모부동산투자유한회사(2종),물류
112544,386호(1종),이지스미국일반사모부동산투자신탁386호(1종),복합(오피스)
300043,그린ON1호(C-i),이지스그린ON일반사모투자신탁제1호(Class C-i),기타
112534,409호(2종),이지스일반사모부동산투자신탁409호(Class C),복합(오피스)
120068,562의1호(5종),이지스일반사모부동산자투자신탁제562의1호(5종),복합(주거)
112508,지엘아이피1-2호(1종),이지스지엘아이피일반사모투자신탁1-2호(1종),물류
112136,140호,이지스광명역세권전문투자형사모부동산투자신탁140호,복합(오피스)
112580,420호(보통주),이지스제420호전문투자형사모부동산투자회사(보통주),복합(오피스)
120019,472호(A종),이지스제472호일반사모부동산투자회사(A종),데이터센터
112285,227호,이지스전문투자형사모부동산투자신탁227호,리테일
112420,357호(2종),이지스캘리포니아일반사모부동산투자신탁357호(재간접형) (2종),오피스
112590,416호(1종),이지스일반사모부동산투자신탁제416호(1종),복합(오피스)
112592,437호,이지스전문투자형사모투자신탁437호,리테일
112594,354호(A종),이지스전문투자형사모부동산투자신탁제354호(A종),데이터센터
120093,RE100솔라1호(2종),이지스RE100솔라일반사모투자신탁제1호(2종),특별자산
300036,셀렉K리츠목표달성형,이지스셀렉트K리츠목표달성형일반사모투자신탁,기타
112595,354호(B종),이지스전문투자형사모부동산투자신탁제354호(B종),데이터센터
112593,303호,이지스제303호일반사모부동산투자회사,오피스
112487,388호,이지스전문투자형사모부동산투자신탁제388호(운용),특별자산
112563,424호(1종),이지스제424호전문투자형사모부동산투자회사(1종),오피스
112613,하우징플랫폼1호(2종),이지스하우징플랫폼일반사모부동산투자신탁제1호(2종),지분증권
112142,134호,이지스전문투자형사모투자신탁134호(태양광1호),특별자산
112435,고배당리츠(C-Pe),이지스글로벌고배당리츠플러스부동산투자신탁(리츠-재간접형) Class C-Pe,지분증권
120044,산단1호,이지스산업단지환경개선일반사모부동산투자신탁제1호,지분증권
112631,리츠플랫폼(A),이지스리츠플랫폼일반사모부동산투자신탁 Class A, 
112634,리츠플랫폼(C-f),이지스리츠플랫폼일반사모부동산투자신탁 Class C-g,지분증권
112636,리츠플랫폼(C-w),이지스리츠플랫폼일반사모부동산투자신탁 Class C-w, 
112344,302호,이지스코어리테일부동산투자신탁302호(운용),리테일
112138,136호,이지스아시아일반사모부동산투자신탁136호 (재간접형),복합(오피스)
112321,297호,이지스전문투자형사모부동산투자신탁297호,지분증권
112554,412호(3종),이지스일반사모부동산투자신탁제412호(3종),오피스
112670,472호(1종),이지스제472호일반사모부동산투자회사(1종),데이터센터
112396,331호,이지스일반사모부동산투자신탁제331호(운용),복합(호텔)
112678,47호(2종),이지스일반사모부동산투자신탁47호(2종),호텔
112433,고배당리츠(C-I),이지스글로벌고배당리츠플러스부동산투자신탁(리츠-재간접형) Class C-I, 
112616,446호,이지스일반사모투자신탁446호,주거
112688,울산신항인프라(1종),이지스울산신항인프라일반사모투자신탁(1종),특별자산
112694,463-1호(1종),이지스일반사모부동산투자신탁제463-1호(1종),지분증권
112692,463호(보통주),이지스제463호부동산일반사모투자회사(보통주),오피스
112695,463-1호(2종),이지스일반사모부동산투자신탁제463-1호(2종),지분증권
112697,463-1호(A종),이지스일반사모부동산투자신탁제463-1호(A종),오피스
112676,468-1호(C-I),이지스일반사모부동산투자신탁제468-1호(Class C-I), 
112632,리츠플랫폼(C),이지스리츠플랫폼일반사모부동산투자신탁 Class C,지분증권
112640,452호,이지스제452호일반사모부동산투자회사,데이터센터
112217,178호,이지스전문투자형사모부동산투자신탁178호,오피스
112203,196호(C-p),이지스부동산투자신탁196호(Class C-P), 
112708,478호,이지스북미토스카나선순위일반사모투자신탁478호,대출채권
112713,멀티인컴1호(C-i),이지스 멀티인컴 일반사모투자신탁 제1호(Class C-i),기타
112712,멀티인컴1호(C),이지스 멀티인컴 일반사모투자신탁 제1호(Class C),기타
112379,기회추구 2-1호,이지스기회추구일반사모부동산모투자신탁제2-1호,지분증권
112725,라이징K리츠(A-G),이지스 라이징 K리츠 부동산투자신탁(리츠-재간접형)A-G class,지분증권
112291,스트래티직1-3-3호,이지스스트래티직 일반사모부동산자투자신탁 제1-3-3호,리테일
112728,라이징K리츠(C-G),이지스 라이징 K리츠 부동산투자신탁(리츠-재간접형)C-G class,지분증권
120059,반포1호,이지스반포스페셜시츄에이션일반사모부동산투자신탁제1호,NPL
112733,라이징K리츠(C-P2),이지스 라이징 K리츠 부동산투자신탁(리츠-재간접형)C-P2 class,지분증권
112047,48호,이지스사모부동산투자신탁48호,리테일
112732,라이징K리츠(C-Pe),이지스 라이징 K리츠 부동산투자신탁(리츠-재간접형)C-Pe class,지분증권
112738,라이징K리츠(S-P2),이지스 라이징 K리츠 부동산투자신탁(리츠-재간접형)S-P2 class,지분증권
112707,421호(B종),이지스일반사모부동산투자신탁421호(B종),지분증권
112737,라이징K리츠(S-P),이지스 라이징 K리츠 부동산투자신탁(리츠-재간접형)S-P class,지분증권
112742,멀티인컴2호(C),이지스 멀티인컴 일반사모투자신탁 제2호 Class C,기타
112498,389호(3종),이지스전문투자형사모부동산투자신탁제389호(3종),리테일
112753,490호,이지스제490호부동산일반사모투자회사, 
112675,468-1호(A),이지스일반사모부동산투자신탁제468-1호(Class A), 
120070,555호,이지스제555호부동산일반사모투자회사,복합(오피스)
112354,317호(2종),이지스전문투자형사모부동산투자신탁317호(2종), 
112682,468-1호,이지스일반사모부동산투자신탁제468-1호,지분증권
112752,387호,이지스제387호부동산일반사모투자회사, 
112757,T-프런티어1호(A),이지스코어멀티에셋EMP일반사모투자신탁제1호(Class A),기타
112552,412호(1종),이지스일반사모부동산투자신탁제412호(1종),오피스
112731,라이징K리츠(C-P),이지스 라이징 K리츠 부동산투자신탁(리츠-재간접형)C-P class,지분증권
112760,T-프런티어1호(C-S),이지스T-프런티어일반사모투자신탁제1호(Class C-S),기타
112762,KDCIP 2호(기획),Korea Data Center Investment Platform II (기획),데이터센터
112764,리빙플랫폼2호,이지스리빙플랫폼일반사모부동산자투자신탁제2호,주거
112768,스튜디오 1호,IGIS Korea Studio Investment Platform I,기타
112774,508호(운용),이지스일반사모부동산투자신탁제508호(운용),지분증권
112779,502호(1종),이지스제502호부동산일반사모투자회사(1종),오피스
112775,508호(1종),이지스일반사모부동산투자신탁제508호(1종),지분증권
112786,482호(1종),이지스일반사모부동산자투자신탁제482호(1종),주거
112720,카스퀘어NPL,이지스카스퀘어NPL일반사모부동산투자신탁,NPL
112714,멀티인컴1호(C-g),이지스 멀티인컴 일반사모투자신탁 제1호(Class C-g),기타
112787,482호(2종),이지스일반사모부동산자투자신탁제482호(2종),주거
112717,장기지분형1호,이지스장기지분형전문투자형사모부동산집합투자기구, 
112788,482호(3종),이지스일반사모부동산자투자신탁제482호(3종),주거
112792,149호(1종),이지스일반사모부동산투자신탁149호(1종),리테일
112373,334호,이지스전문투자형사모투자신탁334호,주거
112793,149호(2종),이지스일반사모부동산투자신탁149호(2종),리테일
R00007,R로지스틱스,이지스로지스틱스리츠,물류
112364,316-2호,이지스글로벌일반사모부동산자투자신탁316-2호,주거
112726,라이징K리츠(C),이지스 라이징 K리츠 부동산투자신탁(리츠-재간접형)C class,지분증권
112202,203호,이지스전문투자형사모투자신탁203호(재간접형),호텔
120005,517-1호(3종),이지스일반사모부동산자투자신탁제517의1호(1의3종),복합(주거)
112526,397호(1종),이지스제397호전문투자형부동산사모투자회사(1종),오피스
120003,517-1호(1종),이지스일반사모부동산자투자신탁제517의1호(1의1종),복합(주거)
112522,이익참여형메자닌1-2호,이지스이익참여형메자닌전문투자형사모부동산모투자신탁제1-2호,물류
112750,장기지분형1-1호(2종),이지스장기지분형일반사모부동산자투자신탁제1-1호(2종),물류
120026,97호(F2),이지스일반사모부동산투자신탁97호(Class F2),오피스
120024,애월엔터1종,애월엔터테인먼트일반사모투자신탁(1종),지분증권
112385,전문투자형사모1호(1종),이지스전문투자형사모부동산투자신탁1호(1종), 
112799,천호SS(1종),이지스천호스페셜시츄에이션일반사모부동산투자신탁(1종),NPL
112769,비즈성장 2호,이지스비즈성장공간플랫폼일반사모부동산투자신탁제2호, 
112569,KDCIP 1호,이지스플랫폼케이디씨아이피1부동산전문투자형사모투자회사(운용),데이터센터
112015,18A호,이지스일반사모부동산자투자신탁18A호(운용),지분증권
R00002,R수익형319호,이지스수익형부동산제319호위탁관리부동산투자회사, 
120011,263호(3종),이지스전문투자형사모부동산투자신탁263호 3종,주거
112439,고배당리츠(S),이지스글로벌고배당리츠플러스부동산투자신탁(리츠-재간접형) Class S,지분증권
120040,성수 PF재구조화(1종),이지스 성수PF재구조화 일반사모부동산투자신탁(1종),NPL
120035,랜드플랫폼1-3호(4종),이지스랜드플랫폼일반사모부동산투자신탁제1-3호(4종),지분증권
120037,성수 PF재구조화(운용),이지스 성수PF재구조화 일반사모부동산투자신탁(운용),NPL
112262,셀렉리츠1호(C-I),이지스글로벌셀렉트리츠일반사모부동산투자신탁 1호 Class C-I,기타
112430,고배당리츠(C-e),이지스글로벌고배당리츠플러스부동산투자신탁(리츠-재간접형) Class C-e,지분증권
120051,수서PF(1종),이지스수서PF재구조화일반사모부동산투자신탁(1종),NPL
120050,수서PF,이지스수서PF재구조화일반사모부동산투자신탁,NPL
112798,천호SS(운용),이지스천호스페셜시츄에이션일반사모부동산투자신탁(운용),NPL
120002,서초SS,이지스서초스페셜시츄에이션일반사모부동산투자신탁,NPL
120055,42호(2종),이지스일반사모부동산투자신탁42호(2종),오피스
112126,110호,이지스세운전문투자형사모부동산투자신탁110호,복합(오피스)
112449,364호,이지스전문투자형사모투자신탁364호,주거
120020,주거후순위PF,이지스주거분양후순위PF 제1호,대출채권
112372,318호,이지스일반사모부동산투자신탁318호,오피스
300002,인컴플러스1호(A),이지스 인컴플러스 일반사모투자신탁 제1호(Class A), 
112506,지엘아이피1-1호(1종),이지스지엘아이피일반사모투자신탁1-1호(1종),물류
120108,424호(우선주식1-1),이지스제424호전문투자형사모부동산투자회사(우선주식1-1),오피스
120069,562의1호(6종),이지스일반사모부동산자투자신탁제562의1호(6종),복합(주거)
120049,국내PF재구조화1-2호(모),이지스국내PF재구조화일반사모부동산모투자신탁제1-2호,NPL
120071,10호(1종),이지스KORIF일반사모부동산투자신탁10호(1종), 
190007,542호(보통주식),이지스제542호부동산일반사모투자회사(보통주식),주거
112316,290호(C),이지스전문투자형사모부동산투자신탁290호(Class C), 
120077,경산물류1호,이지스경산물류제1호일반사모부동산투자회사,물류
112401,335호,이지스글로벌일반사모부동산투자신탁335호,물류
120073,송도SS,이지스송도스페셜시츄에이션일반사모부동산투자신탁,NPL
112318,NPL2-1호,이지스NPL전문투자형사모부동산투자신탁제2-1호,NPL
120083,경산로지스1-1호(2종),이지스경산로지스일반사모부동산투자신탁제1-1호(2종),물류
120086,경산로지스1호(보통주식),이지스경산로지스제1호일반사모부동산투자회사(보통주),물류
120090,395호(2-1종),이지스제395호전문투자형사모부동산투자유한회사(2-1종),주거
120097,항만현대화1호,이지스항만현대화인프라일반사모투자신탁제1호,특별자산
120096,재구조화선순위대출,이지스재구조화선순위대출일반사모부동산투자신탁,대출채권
112243,229호(A),이지스글로벌부동산투자신탁229호(파생형) (Class A),복합(오피스)
120101,용산PF재구조화1호(2종),이지스용산PF재구조화일반사모부동산투자신탁제1호(2종),오피스
112258,242호,이지스전문투자형사모부동산투자신탁242호,리테일
