alias_id,entity_id,alias_name,alias_type,source_system,confidence,notes
AL000001,SH000001,116-2(산재기금),exact,seed_master,1.0,
AL000002,SH000002,116-3(신협중앙회),exact,seed_master,1.0,
AL000003,SH000003,116-3(주택도시기금),exact,seed_master,1.0,
AL000004,SH000004,448-3호,exact,seed_master,1.0,
AL000005,SH000005,448-4,exact,seed_master,1.0,
AL000006,SH000006,816공간제일차 주식회사,exact,seed_master,1.0,
AL000007,SH000007,ABL생명보험(에이비엘생명보험),exact,seed_master,1.0,
AL000008,SH000008,ADCF Megatrends Singapore Pte Ltd,exact,seed_master,1.0,
AL000009,SH000009,ANU,exact,seed_master,1.0,
AL000010,SH000010,AP SG 9 PTE.LTD.,exact,seed_master,1.0,
AL000011,SH000011,APO Corp,exact,seed_master,1.0,
AL000012,SH000012,ASSKR1,exact,seed_master,1.0,
AL000013,SH000013,Actis,exact,seed_master,1.0,
AL000014,SH000014,BCS NL B.V.,exact,seed_master,1.0,
AL000015,SH000015,BCS NL C.V.,exact,seed_master,1.0,
AL000016,SH000016,BNK경남은행,exact,seed_master,1.0,
AL000017,SH000017,BNK저축은행,exact,seed_master,1.0,
AL000018,SH000018,BNK캐피탈,exact,seed_master,1.0,
AL000019,SH000019,Boston Properties,exact,seed_master,1.0,
AL000020,SH000020,Broadcom,exact,seed_master,1.0,
AL000021,SH000021,CBRE,exact,seed_master,1.0,
AL000022,SH000022,CJ,exact,seed_master,1.0,
AL000023,SH000023,CJ대한통운,exact,seed_master,1.0,
AL000024,SH000024,CJ올리브네트웍스,exact,seed_master,1.0,
AL000025,SH000025,CJ제일제당,exact,seed_master,1.0,
AL000026,SH000026,CPPIB,exact,seed_master,1.0,
AL000027,SH000027,Cadence,exact,seed_master,1.0,
AL000028,SH000028,Capikor Pte.Ltd.,exact,seed_master,1.0,
AL000029,SH000029,DA,exact,seed_master,1.0,
AL000030,SH000030,DA VINCI HOLDCO PTE. LTD.,exact,seed_master,1.0,
AL000031,SH000031,DB생명보험,exact,seed_master,1.0,
AL000032,SH000032,DB손해보험,exact,seed_master,1.0,
AL000033,SH000033,DB손해보험(본계정),exact,seed_master,1.0,
AL000034,SH000034,DB저축은행,exact,seed_master,1.0,
AL000035,SH000035,DB캐피탈,exact,seed_master,1.0,
AL000036,SH000036,DGB 제1호 펀드,exact,seed_master,1.0,
AL000037,SH000037,DGB 제2호 펀드,exact,seed_master,1.0,
AL000038,SH000038,DGB 제3호 펀드,exact,seed_master,1.0,
AL000039,SH000039,DGB생명보험,exact,seed_master,1.0,
AL000040,SH000040,DL ENC,exact,seed_master,1.0,
AL000041,SH000041,DL건설,exact,seed_master,1.0,
AL000042,SH000042,DL이앤씨,exact,seed_master,1.0,
AL000043,SH000043,DMP,exact,seed_master,1.0,
AL000044,SH000044,DNSC,exact,seed_master,1.0,
AL000045,SH000045,DS네트웍스,exact,seed_master,1.0,
AL000046,SH000046,DS자산운용,exact,seed_master,1.0,
AL000047,SH000047,Dash Living,exact,seed_master,1.0,
AL000048,SH000048,Datapulse Pte.Ltd.,exact,seed_master,1.0,
AL000049,SH000049,G9 Asia X. Pte. Ltd.,exact,seed_master,1.0,
AL000050,SH000050,GFI,exact,seed_master,1.0,
AL000051,SH000051,GIB홈플러스,exact,seed_master,1.0,
AL000052,SH000052,GIC,exact,seed_master,1.0,
AL000053,SH000053,GS건설,exact,seed_master,1.0,
AL000054,SH000054,GS리테일,exact,seed_master,1.0,
AL000055,SH000055,Gangnam Asset PTE.LTD,exact,seed_master,1.0,
AL000056,SH000056,HB저축은행,exact,seed_master,1.0,
AL000057,SH000057,HSBC자산운용,exact,seed_master,1.0,
AL000058,SH000058,HS화성,exact,seed_master,1.0,
AL000059,SH000059,I.O.IV,exact,seed_master,1.0,
AL000060,SH000060,IADC2호,exact,seed_master,1.0,
AL000061,SH000061,IBK기업은행,exact,seed_master,1.0,
AL000062,SH000062,IBK연금보험,exact,seed_master,1.0,
AL000063,SH000063,IBK저축은행,exact,seed_master,1.0,
AL000064,SH000064,IBK캐피탈,exact,seed_master,1.0,
AL000065,SH000065,IBK투자증권,exact,seed_master,1.0,
AL000066,SH000066,IGIS Asia Data Center 1 Pte. Ltd.,exact,seed_master,1.0,
AL000067,SH000067,IOIV,exact,seed_master,1.0,
AL000068,SH000068,IRE-RE-SA SICAV-SIF,exact,seed_master,1.0,
AL000069,SH000069,Icheon REF Pte.Ltd,exact,seed_master,1.0,
AL000070,SH000070,Infineon,exact,seed_master,1.0,
AL000071,SH000071,Invesco,exact,seed_master,1.0,
AL000072,SH000072,Invesco Investments(Bermuda),exact,seed_master,1.0,
AL000073,SH000073,JB우리캐피탈,exact,seed_master,1.0,
AL000074,SH000074,JLL,exact,seed_master,1.0,
AL000075,SH000075,KB,exact,seed_master,1.0,
AL000076,SH000076,KB국민은행,exact,seed_master,1.0,
AL000077,SH000077,KB국민은행(A),exact,seed_master,1.0,
AL000078,SH000078,KB국민은행(공모),exact,seed_master,1.0,
AL000079,SH000079,KB국민은행(이지스일반사모부동산투자신탁421호의 신탁업자),exact,seed_master,1.0,
AL000080,SH000080,KB국민은행(한국투자올에셋부동산11호의 신탁업자 지위),exact,seed_master,1.0,
AL000081,SH000081,KB라이프생명보험,exact,seed_master,1.0,
AL000082,SH000082,KB생명,exact,seed_master,1.0,
AL000083,SH000083,KB생명보험,exact,seed_master,1.0,
AL000084,SH000084,KB손해보험,exact,seed_master,1.0,
AL000085,SH000085,KB저축은행,exact,seed_master,1.0,
AL000086,SH000086,KB증권,exact,seed_master,1.0,
AL000087,SH000087,KB증권(A),exact,seed_master,1.0,
AL000088,SH000088,KB캐피탈,exact,seed_master,1.0,
AL000089,SH000089,KCC건설,exact,seed_master,1.0,
AL000090,SH000090,KDB산업은행,exact,seed_master,1.0,
AL000091,SH000091,KDB산은캐피탈,exact,seed_master,1.0,
AL000092,SH000092,KDB생명보험,exact,seed_master,1.0,
AL000093,SH000093,KDCIP 2호(Blind),exact,seed_master,1.0,
AL000094,SH000094,KDCIP(A종)(Blind),exact,seed_master,1.0,
AL000095,SH000095,KG파트너스,exact,seed_master,1.0,
AL000096,SH000096,KINX,exact,seed_master,1.0,
AL000097,SH000097,KT,exact,seed_master,1.0,
AL000098,SH000098,KT&G,exact,seed_master,1.0,
AL000099,SH000099,LG CNS,exact,seed_master,1.0,
AL000100,SH000100,LG U+,exact,seed_master,1.0,
AL000101,SH000101,LG전자,exact,seed_master,1.0,
AL000102,SH000102,LS전선,exact,seed_master,1.0,
AL000103,SH000103,LX판토스,exact,seed_master,1.0,
AL000104,SH000104,M&G (APF 1 S.a.r.l),exact,seed_master,1.0,
AL000105,SH000105,M&G (APF 2 S.a.r.l),exact,seed_master,1.0,
AL000106,SH000106,M&G(TS ASIA),exact,seed_master,1.0,
AL000107,SH000107,MG새마을금고,exact,seed_master,1.0,
AL000108,SH000108,MG새마을금고(용인중앙),exact,seed_master,1.0,
AL000109,SH000109,MG새마을금고(이태원1동),exact,seed_master,1.0,
AL000110,SH000110,MG새마을금고대주단,exact,seed_master,1.0,
AL000111,SH000111,MG새마을금고중앙회,exact,seed_master,1.0,
AL000112,SH000112,MG캐피탈,exact,seed_master,1.0,
AL000113,SH000113,Morgan stanley,exact,seed_master,1.0,
AL000114,SH000114,NH농협생명보험,exact,seed_master,1.0,
AL000115,SH000115,NH농협손해보험,exact,seed_master,1.0,
AL000116,SH000116,NH농협은행,exact,seed_master,1.0,
AL000117,SH000117,NH농협캐피탈,exact,seed_master,1.0,
AL000118,SH000118,NH저축은행,exact,seed_master,1.0,
AL000119,SH000119,NH투자증권,exact,seed_master,1.0,
AL000120,SH000120,NH헤지자산운용,exact,seed_master,1.0,
AL000121,SH000121,NPS,exact,seed_master,1.0,
AL000122,SH000122,NTI,exact,seed_master,1.0,
AL000123,SH000123,NUBIRA PTE. LTD.,exact,seed_master,1.0,
AL000124,SH000124,North Sky Luge No 4 Limited,exact,seed_master,1.0,
AL000125,SH000125,Nuveen,exact,seed_master,1.0,
AL000126,SH000126,Nuveen Group Holdings Limited,exact,seed_master,1.0,
AL000127,SH000127,OCBC Bank,exact,seed_master,1.0,
AL000128,SH000128,OSB저축은행,exact,seed_master,1.0,
AL000129,SH000129,Pinnacle Eagle Ltd.,exact,seed_master,1.0,
AL000130,SH000130,Pinnacle KR Asset PTE.LTD,exact,seed_master,1.0,
AL000131,SH000131,RECO JUNIPER PRIVATE LIMITED,exact,seed_master,1.0,
AL000132,SH000132,Reco Marigold Private Limited.,exact,seed_master,1.0,
AL000133,SH000133,Rsquare,exact,seed_master,1.0,
AL000134,SH000134,SBI저축은행,exact,seed_master,1.0,
AL000135,SH000135,SC제일은행,exact,seed_master,1.0,
AL000136,SH000136,SGC E&C,exact,seed_master,1.0,
AL000137,SH000137,SKB,exact,seed_master,1.0,
AL000138,SH000138,SK디앤디,exact,seed_master,1.0,
AL000139,SH000139,SK에코플랜트,exact,seed_master,1.0,
AL000140,SH000140,SPC,exact,seed_master,1.0,
AL000141,SH000141,STAK,exact,seed_master,1.0,
AL000142,SH000142,TDH2,exact,seed_master,1.0,
AL000143,SH000143,TTN,exact,seed_master,1.0,
AL000144,SH000144,Tow Heng Tan,exact,seed_master,1.0,
AL000145,SH000145,WSP,exact,seed_master,1.0,
AL000146,SH000146,Washington D.C.,exact,seed_master,1.0,
AL000147,SH000147,Woodies,exact,seed_master,1.0,
AL000148,SH000148,Woori 아메리카,exact,seed_master,1.0,
AL000149,SH000149,YG자산개발 및 개인3인,exact,seed_master,1.0,
AL000150,SH000150,Yeongdong(Korea)Pte.Ltd,exact,seed_master,1.0,
AL000151,SH000151,"iM뱅크(구, DGB대구은행)",exact,seed_master,1.0,
AL000152,SH000152,"iM캐피탈(구, DGB캐피탈)",exact,seed_master,1.0,
AL000153,SH000153,가비아,exact,seed_master,1.0,
AL000154,SH000154,간삼,exact,seed_master,1.0,
AL000155,SH000155,개인,exact,seed_master,1.0,
AL000156,SH000156,개인 투자자,exact,seed_master,1.0,
AL000157,SH000157,개인(강대우),exact,seed_master,1.0,
AL000158,SH000158,개인(강민구),exact,seed_master,1.0,
AL000159,SH000159,개인(강수현),exact,seed_master,1.0,
AL000160,SH000160,개인(강영구),exact,seed_master,1.0,
AL000161,SH000161,개인(김건호),exact,seed_master,1.0,
AL000162,SH000162,개인(김남호),exact,seed_master,1.0,
AL000163,SH000163,개인(김남희),exact,seed_master,1.0,
AL000164,SH000164,개인(김도현),exact,seed_master,1.0,
AL000165,SH000165,개인(김민지),exact,seed_master,1.0,
AL000166,SH000166,개인(김율희),exact,seed_master,1.0,
AL000167,SH000167,개인(김주성),exact,seed_master,1.0,
AL000168,SH000168,개인(김주형),exact,seed_master,1.0,
AL000169,SH000169,개인(김주희),exact,seed_master,1.0,
AL000170,SH000170,개인(김태호),exact,seed_master,1.0,
AL000171,SH000171,개인(김희원),exact,seed_master,1.0,
AL000172,SH000172,개인(박금자),exact,seed_master,1.0,
AL000173,SH000173,개인(박상태),exact,seed_master,1.0,
AL000174,SH000174,개인(백현미),exact,seed_master,1.0,
AL000175,SH000175,개인(이수연),exact,seed_master,1.0,
AL000176,SH000176,개인(이인영),exact,seed_master,1.0,
AL000177,SH000177,개인(조갑주),exact,seed_master,1.0,
AL000178,SH000178,개인(주구슬),exact,seed_master,1.0,
AL000179,SH000179,개인1(A종),exact,seed_master,1.0,
AL000180,SH000180,개인2(A종),exact,seed_master,1.0,
AL000181,SH000181,개인3(A종),exact,seed_master,1.0,
AL000182,SH000182,개인투자자,exact,seed_master,1.0,
AL000183,SH000183,개인투자자 포함,exact,seed_master,1.0,
AL000184,SH000184,개인투자자 포함(공모펀드),exact,seed_master,1.0,
AL000185,SH000185,개인투자자들,exact,seed_master,1.0,
AL000186,SH000186,건강한시간,exact,seed_master,1.0,
AL000187,SH000187,건설근로자공제회,exact,seed_master,1.0,
AL000188,SH000188,건원엔지니어링,exact,seed_master,1.0,
AL000189,SH000189,게우트플래닝,exact,seed_master,1.0,
AL000190,SH000190,경남은행,exact,seed_master,1.0,
AL000191,SH000191,경방,exact,seed_master,1.0,
AL000192,SH000192,경찰공제회,exact,seed_master,1.0,
AL000193,SH000193,고용노동부 산재보험기금,exact,seed_master,1.0,
AL000194,SH000194,골든웨이브(유),exact,seed_master,1.0,
AL000195,SH000195,공모,exact,seed_master,1.0,
AL000196,SH000196,공무원연금공단,exact,seed_master,1.0,
AL000197,SH000197,공제회,exact,seed_master,1.0,
AL000198,SH000198,과학기술인공제회,exact,seed_master,1.0,
AL000199,SH000199,광주은행,exact,seed_master,1.0,
AL000200,SH000200,교보리얼코,exact,seed_master,1.0,
AL000201,SH000201,교보생명,exact,seed_master,1.0,
AL000202,SH000202,교보생명보험,exact,seed_master,1.0,
AL000203,SH000203,교보생명보험(연금),exact,seed_master,1.0,
AL000204,SH000204,교보자산신탁,exact,seed_master,1.0,
AL000205,SH000205,교보증권,exact,seed_master,1.0,
AL000206,SH000206,교원공제회,exact,seed_master,1.0,
AL000207,SH000207,교원라이프,exact,seed_master,1.0,
AL000208,SH000208,교원인베스트,exact,seed_master,1.0,
AL000209,SH000209,교정공제회,exact,seed_master,1.0,
AL000210,SH000210,교직원공제회,exact,seed_master,1.0,
AL000211,SH000211,구봉산업,exact,seed_master,1.0,
AL000212,SH000212,국가철도공단,exact,seed_master,1.0,
AL000213,SH000213,국민연금,exact,seed_master,1.0,
AL000214,SH000214,국민연금공단,exact,seed_master,1.0,
AL000215,SH000215,국민연금공단(1종),exact,seed_master,1.0,
AL000216,SH000216,국민연금공단(2종),exact,seed_master,1.0,
AL000217,SH000217,군인공제회,exact,seed_master,1.0,
AL000218,SH000218,굿포어스,exact,seed_master,1.0,
AL000219,SH000219,그린웨이브알앤디,exact,seed_master,1.0,
AL000220,SH000220,근영농산,exact,seed_master,1.0,
AL000221,SH000221,금성백조건설,exact,seed_master,1.0,
AL000222,SH000222,금성백조주택,exact,seed_master,1.0,
AL000223,SH000223,금화저축은행,exact,seed_master,1.0,
AL000224,SH000224,기관투자자,exact,seed_master,1.0,
AL000225,SH000225,기안건축,exact,seed_master,1.0,
AL000226,SH000226,남산드림힐튼제일차,exact,seed_master,1.0,
AL000227,SH000227,남양저축은행,exact,seed_master,1.0,
AL000228,SH000228,네오밸류,exact,seed_master,1.0,
AL000229,SH000229,넥슨코리아,exact,seed_master,1.0,
AL000230,SH000230,노란우산공제회,exact,seed_master,1.0,
AL000231,SH000231,농업협동조합중앙회,exact,seed_master,1.0,
AL000232,SH000232,농협(가야농업협동조합),exact,seed_master,1.0,
AL000233,SH000233,농협(감곡농업협동조합),exact,seed_master,1.0,
AL000234,SH000234,농협(강내농업협동조합),exact,seed_master,1.0,
AL000235,SH000235,농협(강동농업협동조합),exact,seed_master,1.0,
AL000236,SH000236,농협(거제해금강농업협동조합),exact,seed_master,1.0,
AL000237,SH000237,농협(고흥농업협동조합),exact,seed_master,1.0,
AL000238,SH000238,농협(광명농업협동조합),exact,seed_master,1.0,
AL000239,SH000239,농협(구림농업협동조합),exact,seed_master,1.0,
AL000240,SH000240,농협(규암농업협동조합),exact,seed_master,1.0,
AL000241,SH000241,농협(근흥농업협동조합),exact,seed_master,1.0,
AL000242,SH000242,농협(금산인삼농업협동조합),exact,seed_master,1.0,
AL000243,SH000243,농협(금왕농업협동조합),exact,seed_master,1.0,
AL000244,SH000244,농협(남밀양농업협동조합),exact,seed_master,1.0,
AL000245,SH000245,농협(대구경북능금농업협동조합),exact,seed_master,1.0,
AL000246,SH000246,농협(대천농업협동조합),exact,seed_master,1.0,
AL000247,SH000247,농협(동경주농업협동조합),exact,seed_master,1.0,
AL000248,SH000248,농협(동군산농업협동조합),exact,seed_master,1.0,
AL000249,SH000249,농협(동북농업협동조합),exact,seed_master,1.0,
AL000250,SH000250,농협(마도농업협동조합),exact,seed_master,1.0,
AL000251,SH000251,농협(몽탄농업협동조합),exact,seed_master,1.0,
AL000252,SH000252,농협(문막농업협동조합),exact,seed_master,1.0,
AL000253,SH000253,농협(백석농업협동조합),exact,seed_master,1.0,
AL000254,SH000254,농협(백운농업협동조합),exact,seed_master,1.0,
AL000255,SH000255,농협(봉동농업협동조합),exact,seed_master,1.0,
AL000256,SH000256,농협(부안중앙농업협동조합),exact,seed_master,1.0,
AL000257,SH000257,농협(사등농업협동조합),exact,seed_master,1.0,
AL000258,SH000258,농협(산청군농업협동조합),exact,seed_master,1.0,
AL000259,SH000259,농협(삼칠농업협동조합),exact,seed_master,1.0,
AL000260,SH000260,농협(삼호농업협동조합),exact,seed_master,1.0,
AL000261,SH000261,농협(서석농업협동조합),exact,seed_master,1.0,
AL000262,SH000262,농협(서신농업협동조합),exact,seed_master,1.0,
AL000263,SH000263,농협(소양농업협동조합),exact,seed_master,1.0,
AL000264,SH000264,농협(소초농업협동조합),exact,seed_master,1.0,
AL000265,SH000265,농협(수륜농업협동조합),exact,seed_master,1.0,
AL000266,SH000266,농협(수원농업협동조합),exact,seed_master,1.0,
AL000267,SH000267,농협(순창농업협동조합),exact,seed_master,1.0,
AL000268,SH000268,농협(안계농업협동조합),exact,seed_master,1.0,
AL000269,SH000269,농협(안흥농업협동조합),exact,seed_master,1.0,
AL000270,SH000270,농협(영덕농업협동조합),exact,seed_master,1.0,
AL000271,SH000271,농협(예산중앙농업협동조합),exact,seed_master,1.0,
AL000272,SH000272,농협(왕궁농업협동조합),exact,seed_master,1.0,
AL000273,SH000273,농협(용성농업협동조합),exact,seed_master,1.0,
AL000274,SH000274,농협(울릉농업협동조합),exact,seed_master,1.0,
AL000275,SH000275,농협(월출산농업협동조합),exact,seed_master,1.0,
AL000276,SH000276,농협(의령농업협동조합),exact,seed_master,1.0,
AL000277,SH000277,농협(임실농업협동조합),exact,seed_master,1.0,
AL000278,SH000278,농협(제주고산농업협동조합),exact,seed_master,1.0,
AL000279,SH000279,농협(진도농업협동조합),exact,seed_master,1.0,
AL000280,SH000280,농협(진주진양농업협동조합),exact,seed_master,1.0,
AL000281,SH000281,농협(진해농업협동조합),exact,seed_master,1.0,
AL000282,SH000282,농협(철원농업협동조합),exact,seed_master,1.0,
AL000283,SH000283,농협(추풍령농업협동조합),exact,seed_master,1.0,
AL000284,SH000284,농협(춘천강동농업협동조합),exact,seed_master,1.0,
AL000285,SH000285,농협(하서농업협동조합),exact,seed_master,1.0,
AL000286,SH000286,농협(하양농업협동조합 동부지점),exact,seed_master,1.0,
AL000287,SH000287,농협(함덕농업협동조합),exact,seed_master,1.0,
AL000288,SH000288,농협(함창농업협동조합),exact,seed_master,1.0,
AL000289,SH000289,농협(합천농업협동조합),exact,seed_master,1.0,
AL000290,SH000290,농협(합천새남부농업협동조합),exact,seed_master,1.0,
AL000291,SH000291,농협(현서농업협동조합),exact,seed_master,1.0,
AL000292,SH000292,농협(홍성낙농협동조합),exact,seed_master,1.0,
AL000293,SH000293,농협(홍해농업협동조합),exact,seed_master,1.0,
AL000294,SH000294,농협(화개악양농업협동조합),exact,seed_master,1.0,
AL000295,SH000295,농협대주단,exact,seed_master,1.0,
AL000296,SH000296,농협중앙회(농업협동조합중앙회),exact,seed_master,1.0,
AL000297,SH000297,뉴스타케이제일차,exact,seed_master,1.0,
AL000298,SH000298,뉴익스파트너스,exact,seed_master,1.0,
AL000299,SH000299,다안건설,exact,seed_master,1.0,
AL000300,SH000300,다올저축은행,exact,seed_master,1.0,
AL000301,SH000301,다이와,exact,seed_master,1.0,
AL000302,SH000302,담배인삼공제회,exact,seed_master,1.0,
AL000303,SH000303,대교이앤씨,exact,seed_master,1.0,
AL000304,SH000304,대교홀딩스,exact,seed_master,1.0,
AL000305,SH000305,대구대건신용협동조합,exact,seed_master,1.0,
AL000306,SH000306,대림,exact,seed_master,1.0,
AL000307,SH000307,대승글로벌,exact,seed_master,1.0,
AL000308,SH000308,대신자산신탁,exact,seed_master,1.0,
AL000309,SH000309,대신저축은행,exact,seed_master,1.0,
AL000310,SH000310,대우건설,exact,seed_master,1.0,
AL000311,SH000311,대한소방공제회,exact,seed_master,1.0,
AL000312,SH000312,대한지방행정공제회,exact,seed_master,1.0,
AL000313,SH000313,대한토지신탁,exact,seed_master,1.0,
AL000314,SH000314,더시스템랩,exact,seed_master,1.0,
AL000315,SH000315,더케이저축은행,exact,seed_master,1.0,
AL000316,SH000316,데피니트파트너스,exact,seed_master,1.0,
AL000317,SH000317,동부건설,exact,seed_master,1.0,
AL000318,SH000318,동부산테마파크,exact,seed_master,1.0,
AL000319,SH000319,동양생명,exact,seed_master,1.0,
AL000320,SH000320,동원건설산업,exact,seed_master,1.0,
AL000321,SH000321,동원제일저축은행,exact,seed_master,1.0,
AL000322,SH000322,동일건축,exact,seed_master,1.0,
AL000323,SH000323,동일스위트,exact,seed_master,1.0,
AL000324,SH000324,두가 CNC,exact,seed_master,1.0,
AL000325,SH000325,디비에스은행,exact,seed_master,1.0,
AL000326,SH000326,디앤디플랫폼리츠,exact,seed_master,1.0,
AL000327,SH000327,디앤에스씨,exact,seed_master,1.0,
AL000328,SH000328,디앤오,exact,seed_master,1.0,
AL000329,SH000329,디에스네트웍스,exact,seed_master,1.0,
AL000330,SH000330,디에스센트럴프라임,exact,seed_master,1.0,
AL000331,SH000331,디에스클러스터,exact,seed_master,1.0,
AL000332,SH000332,디와이시스템,exact,seed_master,1.0,
AL000333,SH000333,디피아이피코리아 유한회사,exact,seed_master,1.0,
AL000334,SH000334,라인플러스,exact,seed_master,1.0,
AL000335,SH000335,라크라,exact,seed_master,1.0,
AL000336,SH000336,롯데 이노베이트,exact,seed_master,1.0,
AL000337,SH000337,롯데건설,exact,seed_master,1.0,
AL000338,SH000338,롯데손해보험,exact,seed_master,1.0,
AL000339,SH000339,롯데쇼핑,exact,seed_master,1.0,
AL000340,SH000340,롯데캐피탈,exact,seed_master,1.0,
AL000341,SH000341,리테일투자자,exact,seed_master,1.0,
AL000342,SH000342,마르스자산운용,exact,seed_master,1.0,
AL000343,SH000343,마스터자산운용,exact,seed_master,1.0,
AL000344,SH000344,마스턴투자운용,exact,seed_master,1.0,
AL000345,SH000345,마크자산운용(주),exact,seed_master,1.0,
AL000346,SH000346,매도인,exact,seed_master,1.0,
AL000347,SH000347,매수인,exact,seed_master,1.0,
AL000348,SH000348,맥서브,exact,seed_master,1.0,
AL000349,SH000349,머큐리자산운용,exact,seed_master,1.0,
AL000350,SH000350,메리츠,exact,seed_master,1.0,
AL000351,SH000351,메리츠증권,exact,seed_master,1.0,
AL000352,SH000352,메리츠캐피탈,exact,seed_master,1.0,
AL000353,SH000353,메리츠화재,exact,seed_master,1.0,
AL000354,SH000354,메리츠화재해상보험,exact,seed_master,1.0,
AL000355,SH000355,메트라이프생명보험,exact,seed_master,1.0,
AL000356,SH000356,모니모남산제일차,exact,seed_master,1.0,
AL000357,SH000357,모멘스솔루션,exact,seed_master,1.0,
AL000358,SH000358,모아저축은행,exact,seed_master,1.0,
AL000359,SH000359,무궁화신탁,exact,seed_master,1.0,
AL000360,SH000360,무림캐피탈,exact,seed_master,1.0,
AL000361,SH000361,무영,exact,seed_master,1.0,
AL000362,SH000362,문창신용협동조합,exact,seed_master,1.0,
AL000363,SH000363,미래에셋,exact,seed_master,1.0,
AL000364,SH000364,미래에셋 주택기금,exact,seed_master,1.0,
AL000365,SH000365,미래에셋생명,exact,seed_master,1.0,
AL000366,SH000366,미래에셋자산운용OCIO,exact,seed_master,1.0,
AL000367,SH000367,미래에셋증권,exact,seed_master,1.0,
AL000368,SH000368,미래에셋캐피탈,exact,seed_master,1.0,
AL000369,SH000369,미정,exact,seed_master,1.0,
AL000370,SH000370,밸류업베스트,exact,seed_master,1.0,
AL000371,SH000371,법무법인,exact,seed_master,1.0,
AL000372,SH000372,별정우체국연금관리단,exact,seed_master,1.0,
AL000373,SH000373,부림저축은행,exact,seed_master,1.0,
AL000374,SH000374,부산은행,exact,seed_master,1.0,
AL000375,SH000375,블랙스톤,exact,seed_master,1.0,
AL000376,SH000376,비공개,exact,seed_master,1.0,
AL000377,SH000377,비씨카드,exact,seed_master,1.0,
AL000378,SH000378,비욘드남산제사차,exact,seed_master,1.0,
AL000379,SH000379,비욘드남산제이차,exact,seed_master,1.0,
AL000380,SH000380,사학연금,exact,seed_master,1.0,
AL000381,SH000381,산림조합,exact,seed_master,1.0,
AL000382,SH000382,산림조합중앙회,exact,seed_master,1.0,
AL000383,SH000383,삼미건설,exact,seed_master,1.0,
AL000384,SH000384,삼성SRA1호,exact,seed_master,1.0,
AL000385,SH000385,삼성SRA국내담보대출일반사모부동산투자신탁4호,exact,seed_master,1.0,
AL000386,SH000386,삼성SRA국내담보대출일반사모부동산투자신탁제5호,exact,seed_master,1.0,
AL000387,SH000387,삼성물산,exact,seed_master,1.0,
AL000388,SH000388,삼성생명,exact,seed_master,1.0,
AL000389,SH000389,삼성생명보험,exact,seed_master,1.0,
AL000390,SH000390,삼성자산운용OCIO,exact,seed_master,1.0,
AL000391,SH000391,삼성증권,exact,seed_master,1.0,
AL000392,SH000392,삼성화재,exact,seed_master,1.0,
AL000393,SH000393,삼양홀딩스,exact,seed_master,1.0,
AL000394,SH000394,삼우,exact,seed_master,1.0,
AL000395,SH000395,삼우 CM,exact,seed_master,1.0,
AL000396,SH000396,삼우디씨디,exact,seed_master,1.0,
AL000397,SH000397,삼우씨엠건축사사무소,exact,seed_master,1.0,
AL000398,SH000398,삼정저축은행,exact,seed_master,1.0,
AL000399,SH000399,삼한교역상사,exact,seed_master,1.0,
AL000400,SH000400,상상인저축은행,exact,seed_master,1.0,
AL000401,SH000401,서귀포동부신용협동조합,exact,seed_master,1.0,
AL000402,SH000402,서리풀클라우드,exact,seed_master,1.0,
AL000403,SH000403,서민이엔씨,exact,seed_master,1.0,
AL000404,SH000404,서울보증보험,exact,seed_master,1.0,
AL000405,SH000405,서울시,exact,seed_master,1.0,
AL000406,SH000406,서천신용협동조합,exact,seed_master,1.0,
AL000407,SH000407,선매수자,exact,seed_master,1.0,
AL000408,SH000408,선우건축,exact,seed_master,1.0,
AL000409,SH000409,성담,exact,seed_master,1.0,
AL000410,SH000410,성담솔트베이,exact,seed_master,1.0,
AL000411,SH000411,성지제강,exact,seed_master,1.0,
AL000412,SH000412,세람저축은행,exact,seed_master,1.0,
AL000413,SH000413,세미파이브,exact,seed_master,1.0,
AL000414,SH000414,세빌스,exact,seed_master,1.0,
AL000415,SH000415,세종네트웍스,exact,seed_master,1.0,
AL000416,SH000416,세종텔레콤,exact,seed_master,1.0,
AL000417,SH000417,세콘도,exact,seed_master,1.0,
AL000418,SH000418,센트럴저축은행,exact,seed_master,1.0,
AL000419,SH000419,수산업협동조합중앙회,exact,seed_master,1.0,
AL000420,SH000420,수지신용협동조합,exact,seed_master,1.0,
AL000421,SH000421,수협은행,exact,seed_master,1.0,
AL000422,SH000422,수협중앙회,exact,seed_master,1.0,
AL000423,SH000423,스마일게이트,exact,seed_master,1.0,
AL000424,SH000424,스카이밸류,exact,seed_master,1.0,
AL000425,SH000425,스카이저축은행,exact,seed_master,1.0,
AL000426,SH000426,스탠다드차타드은행,exact,seed_master,1.0,
AL000427,SH000427,시행사,exact,seed_master,1.0,
AL000428,SH000428,신세계,exact,seed_master,1.0,
AL000429,SH000429,신세계프라퍼티,exact,seed_master,1.0,
AL000430,SH000430,신용협동조합중앙회,exact,seed_master,1.0,
AL000431,SH000431,신진솔루션즈,exact,seed_master,1.0,
AL000432,SH000432,신한,exact,seed_master,1.0,
AL000433,SH000433,신한금융투자,exact,seed_master,1.0,
AL000434,SH000434,신한금융플러스,exact,seed_master,1.0,
AL000435,SH000435,신한라이프생명보험,exact,seed_master,1.0,
AL000436,SH000436,신한은행,exact,seed_master,1.0,
AL000437,SH000437,신한은행(연기금통합일반사모증권투자신탁제141호의 신탁업자로서),exact,seed_master,1.0,
AL000438,SH000438,신한은행(캡스톤APAC2호의 신탁업자 지위),exact,seed_master,1.0,
AL000439,SH000439,신한카드,exact,seed_master,1.0,
AL000440,SH000440,신한캐피탈,exact,seed_master,1.0,
AL000441,SH000441,신한투자증권,exact,seed_master,1.0,
AL000442,SH000442,신협(강릉신용협동조합),exact,seed_master,1.0,
AL000443,SH000443,신협(강서신용협동조합),exact,seed_master,1.0,
AL000444,SH000444,신협(검단신용협동조합),exact,seed_master,1.0,
AL000445,SH000445,신협(경기광주신용협동조합),exact,seed_master,1.0,
AL000446,SH000446,신협(경남가온신용협동조합),exact,seed_master,1.0,
AL000447,SH000447,신협(경남제일신용협동조합),exact,seed_master,1.0,
AL000448,SH000448,신협(경남중앙신용협동조합),exact,seed_master,1.0,
AL000449,SH000449,신협(경남한의사신용협동조합),exact,seed_master,1.0,
AL000450,SH000450,신협(경동신용협동조합),exact,seed_master,1.0,
AL000451,SH000451,신협(계산신용협동조합),exact,seed_master,1.0,
AL000452,SH000452,신협(공주중앙신용협동조합),exact,seed_master,1.0,
AL000453,SH000453,신협(광안신용협동조합),exact,seed_master,1.0,
AL000454,SH000454,신협(광장신용협동조합),exact,seed_master,1.0,
AL000455,SH000455,신협(광주동부신용협동조합),exact,seed_master,1.0,
AL000456,SH000456,신협(광주신우신용협동조합),exact,seed_master,1.0,
AL000457,SH000457,신협(구덕신용협동조합),exact,seed_master,1.0,
AL000458,SH000458,신협(구포신용협동조합),exact,seed_master,1.0,
AL000459,SH000459,신협(금모래신용협동조합),exact,seed_master,1.0,
AL000460,SH000460,신협(금정신용협동조합),exact,seed_master,1.0,
AL000461,SH000461,신협(김제신용협동조합),exact,seed_master,1.0,
AL000462,SH000462,신협(남광주신용협동조합),exact,seed_master,1.0,
AL000463,SH000463,신협(남서울신용협동조합),exact,seed_master,1.0,
AL000464,SH000464,신협(남청주신용협동조합),exact,seed_master,1.0,
AL000465,SH000465,신협(달구벌신용협동조합),exact,seed_master,1.0,
AL000466,SH000466,신협(대구태영신용협동조합),exact,seed_master,1.0,
AL000467,SH000467,신협(대원신용협동조합),exact,seed_master,1.0,
AL000468,SH000468,신협(동대구신용협동조합),exact,seed_master,1.0,
AL000469,SH000469,신협(동수원신용협동조합),exact,seed_master,1.0,
AL000470,SH000470,신협(든솔신용협동조합),exact,seed_master,1.0,
AL000471,SH000471,신협(등촌신용협동조합),exact,seed_master,1.0,
AL000472,SH000472,신협(마포신용협동조합),exact,seed_master,1.0,
AL000473,SH000473,신협(무학신용협동조합),exact,seed_master,1.0,
AL000474,SH000474,신협(미추홀신용협동조합),exact,seed_master,1.0,
AL000475,SH000475,신협(방림신용협동조합),exact,seed_master,1.0,
AL000476,SH000476,신협(방촌신용협동조합),exact,seed_master,1.0,
AL000477,SH000477,신협(부산거제신용협동조합),exact,seed_master,1.0,
AL000478,SH000478,신협(부산동래신용협동조합),exact,seed_master,1.0,
AL000479,SH000479,신협(부산성의신용협동조합),exact,seed_master,1.0,
AL000480,SH000480,신협(부산시중앙신용협동조합),exact,seed_master,1.0,
AL000481,SH000481,신협(부산장우신용협동조합),exact,seed_master,1.0,
AL000482,SH000482,신협(부산진신용협동조합),exact,seed_master,1.0,
AL000483,SH000483,신협(부산행복신용협동조합),exact,seed_master,1.0,
AL000484,SH000484,신협(북동신용협동조합),exact,seed_master,1.0,
AL000485,SH000485,신협(북부산신용협동조합),exact,seed_master,1.0,
AL000486,SH000486,신협(북성신용협동조합),exact,seed_master,1.0,
AL000487,SH000487,신협(북원신용협동조합),exact,seed_master,1.0,
AL000488,SH000488,신협(새서울신용협동조합),exact,seed_master,1.0,
AL000489,SH000489,신협(서대구신용협동조합),exact,seed_master,1.0,
AL000490,SH000490,신협(서울치과의사신용협동조합),exact,seed_master,1.0,
AL000491,SH000491,신협(성남중앙신용협동조합),exact,seed_master,1.0,
AL000492,SH000492,신협(송파동부신용협동조합),exact,seed_master,1.0,
AL000493,SH000493,신협(수원중앙신용협동조합),exact,seed_master,1.0,
AL000494,SH000494,신협(신정신용협동조합),exact,seed_master,1.0,
AL000495,SH000495,신협(아산신용협동조합),exact,seed_master,1.0,
AL000496,SH000496,신협(양천신용협동조합),exact,seed_master,1.0,
AL000497,SH000497,신협(연무신용협동조합),exact,seed_master,1.0,
AL000498,SH000498,신협(영암신용협동조합),exact,seed_master,1.0,
AL000499,SH000499,신협(오산신용협동조합),exact,seed_master,1.0,
AL000500,SH000500,신협(울산남부신용협동조합),exact,seed_master,1.0,
AL000501,SH000501,신협(울산중앙신용협동조합),exact,seed_master,1.0,
AL000502,SH000502,신협(울산행복신용협동조합),exact,seed_master,1.0,
AL000503,SH000503,신협(원주신용협동조합),exact,seed_master,1.0,
AL000504,SH000504,신협(위미신용협동조합),exact,seed_master,1.0,
AL000505,SH000505,신협(은평신용협동조합),exact,seed_master,1.0,
AL000506,SH000506,신협(의왕신용협동조합),exact,seed_master,1.0,
AL000507,SH000507,신협(이천신용협동조합),exact,seed_master,1.0,
AL000508,SH000508,신협(인천치과의사신용협동조합),exact,seed_master,1.0,
AL000509,SH000509,신협(일산신용협동조합),exact,seed_master,1.0,
AL000510,SH000510,신협(장안신용협동조합),exact,seed_master,1.0,
AL000511,SH000511,신협(제민신용협동조합),exact,seed_master,1.0,
AL000512,SH000512,신협(제주신용협동조합),exact,seed_master,1.0,
AL000513,SH000513,신협(주민신용협동조합),exact,seed_master,1.0,
AL000514,SH000514,신협(주성신용협동조합),exact,seed_master,1.0,
AL000515,SH000515,신협(중앙신용협동조합),exact,seed_master,1.0,
AL000516,SH000516,신협(청량리신용협동조합),exact,seed_master,1.0,
AL000517,SH000517,신협(청운신용협동조합),exact,seed_master,1.0,
AL000518,SH000518,신협(청주상당신용협동조합),exact,seed_master,1.0,
AL000519,SH000519,신협(청주성동신용협동조합),exact,seed_master,1.0,
AL000520,SH000520,신협(한라신용협동조합),exact,seed_master,1.0,
AL000521,SH000521,신협(한우리신용협동조합),exact,seed_master,1.0,
AL000522,SH000522,신협(현대제철신용협동조합),exact,seed_master,1.0,
AL000523,SH000523,신협(홍성신용협동조합),exact,seed_master,1.0,
AL000524,SH000524,신협(화곡신용협동조합),exact,seed_master,1.0,
AL000525,SH000525,신협(화성제일신용협동조합),exact,seed_master,1.0,
AL000526,SH000526,신협(화지산신용협동조합),exact,seed_master,1.0,
AL000527,SH000527,신협(희원신용협동조합),exact,seed_master,1.0,
AL000528,SH000528,신협대주단,exact,seed_master,1.0,
AL000529,SH000529,신협중앙회(남부천신용협동중앙회),exact,seed_master,1.0,
AL000530,SH000530,신협중앙회(신용협동조합중앙회),exact,seed_master,1.0,
AL000531,SH000531,썬트리,exact,seed_master,1.0,
AL000532,SH000532,씨엘케이아이에스,exact,seed_master,1.0,
AL000533,SH000533,아디다스,exact,seed_master,1.0,
AL000534,SH000534,아디안 싱가포르,exact,seed_master,1.0,
AL000535,SH000535,아라그룹,exact,seed_master,1.0,
AL000536,SH000536,아산나눔재단,exact,seed_master,1.0,
AL000537,SH000537,아스테이온제일차(SPC),exact,seed_master,1.0,
AL000538,SH000538,아시아에프앤아이,exact,seed_master,1.0,
AL000539,SH000539,아우토스트라세,exact,seed_master,1.0,
AL000540,SH000540,아이알디브이,exact,seed_master,1.0,
AL000541,SH000541,아이언투자파트너스,exact,seed_master,1.0,
AL000542,SH000542,아이엠단디에이치제일차,exact,seed_master,1.0,
AL000543,SH000543,아이엠라이프생명보험,exact,seed_master,1.0,
AL000544,SH000544,아이엠인베스트제이차,exact,seed_master,1.0,
AL000545,SH000545,아주캐피탈,exact,seed_master,1.0,
AL000546,SH000546,아테나자산운용,exact,seed_master,1.0,
AL000547,SH000547,아토모스리얼에스테이트,exact,seed_master,1.0,
AL000548,SH000548,안다인베스트먼트파트너스,exact,seed_master,1.0,
AL000549,SH000549,안다자산운용,exact,seed_master,1.0,
AL000550,SH000550,애큐온저축은행,exact,seed_master,1.0,
AL000551,SH000551,애큐온캐피탈,exact,seed_master,1.0,
AL000552,SH000552,양지로지스특시,exact,seed_master,1.0,
AL000553,SH000553,어반웰스,exact,seed_master,1.0,
AL000554,SH000554,에셀,exact,seed_master,1.0,
AL000555,SH000555,에셀유한회사,exact,seed_master,1.0,
AL000556,SH000556,에스가산,exact,seed_master,1.0,
AL000557,SH000557,에스디디피제일차,exact,seed_master,1.0,
AL000558,SH000558,에스디제오차,exact,seed_master,1.0,
AL000559,SH000559,에스비센,exact,seed_master,1.0,
AL000560,SH000560,에스엔유비아이제트1호,exact,seed_master,1.0,
AL000561,SH000561,에스원,exact,seed_master,1.0,
AL000562,SH000562,에스유씨플러스,exact,seed_master,1.0,
AL000563,SH000563,에스제이더블유인터네셔널,exact,seed_master,1.0,
AL000564,SH000564,에스케이디앤디,exact,seed_master,1.0,
AL000565,SH000565,에이아이에스독일제일차주식회사(메리츠증권),exact,seed_master,1.0,
AL000566,SH000566,에이치비저축은행,exact,seed_master,1.0,
AL000567,SH000567,에이치엔아이,exact,seed_master,1.0,
AL000568,SH000568,에이치플랜,exact,seed_master,1.0,
AL000569,SH000569,에이티넘인베스트먼트,exact,seed_master,1.0,
AL000570,SH000570,에프엔십정2유동화전문 유한회사,exact,seed_master,1.0,
AL000571,SH000571,에프엔프로젝트제이차,exact,seed_master,1.0,
AL000572,SH000572,엔에이치투자증권,exact,seed_master,1.0,
AL000573,SH000573,엔에이치판교아이스퀘어제이차,exact,seed_master,1.0,
AL000574,SH000574,엔피씨,exact,seed_master,1.0,
AL000575,SH000575,엠디엠플러스,exact,seed_master,1.0,
AL000576,SH000576,엠에스퓨처,exact,seed_master,1.0,
AL000577,SH000577,엠유에프지은행,exact,seed_master,1.0,
AL000578,SH000578,엠지알브이,exact,seed_master,1.0,
AL000579,SH000579,연초생산안정화재단,exact,seed_master,1.0,
AL000580,SH000580,연합자산관리,exact,seed_master,1.0,
AL000581,SH000581,엽연초생산협동조합중앙회,exact,seed_master,1.0,
AL000582,SH000582,엽연초생산협동조합중앙회(청주),exact,seed_master,1.0,
AL000583,SH000583,예성건축,exact,seed_master,1.0,
AL000584,SH000584,예스코홀딩,exact,seed_master,1.0,
AL000585,SH000585,오로라월드,exact,seed_master,1.0,
AL000586,SH000586,오케이저축은행,exact,seed_master,1.0,
AL000587,SH000587,오투저축은행,exact,seed_master,1.0,
AL000588,SH000588,우리,exact,seed_master,1.0,
AL000589,SH000589,우리금융저축은행,exact,seed_master,1.0,
AL000590,SH000590,우리금융캐피탈,exact,seed_master,1.0,
AL000591,SH000591,우리은행,exact,seed_master,1.0,
AL000592,SH000592,우리은행(캡스톤대출플랫폼일반사모투자신탁2호의 신탁업자),exact,seed_master,1.0,
AL000593,SH000593,우리자산신탁,exact,seed_master,1.0,
AL000594,SH000594,우리종합금융,exact,seed_master,1.0,
AL000595,SH000595,우리투자증권,exact,seed_master,1.0,
AL000596,SH000596,우미건설,exact,seed_master,1.0,
AL000597,SH000597,우미글로벌,exact,seed_master,1.0,
AL000598,SH000598,우정사업본부,exact,seed_master,1.0,
AL000599,SH000599,우정사업본부(보험),exact,seed_master,1.0,
AL000600,SH000600,우정사업본부(예금),exact,seed_master,1.0,
AL000601,SH000601,운율건축,exact,seed_master,1.0,
AL000602,SH000602,원양건축,exact,seed_master,1.0,
AL000603,SH000603,웰컴저축은행,exact,seed_master,1.0,
AL000604,SH000604,위더그린,exact,seed_master,1.0,
AL000605,SH000605,유선엔지니어링,exact,seed_master,1.0,
AL000606,SH000606,유안타저축은행,exact,seed_master,1.0,
AL000607,SH000607,유안타증권,exact,seed_master,1.0,
AL000608,SH000608,유일엔지니어링,exact,seed_master,1.0,
AL000609,SH000609,유진투자증권,exact,seed_master,1.0,
AL000610,SH000610,이규성,exact,seed_master,1.0,
AL000611,SH000611,이노베스트,exact,seed_master,1.0,
AL000612,SH000612,이든자산운용,exact,seed_master,1.0,
AL000613,SH000613,이베스트투자증권,exact,seed_master,1.0,
AL000614,SH000614,이수화학,exact,seed_master,1.0,
AL000615,SH000615,이스턴투자개발,exact,seed_master,1.0,
AL000616,SH000616,이우식,exact,seed_master,1.0,
AL000617,SH000617,이지스 고유,exact,seed_master,1.0,
AL000618,SH000618,이지스170-2호(자펀드2),exact,seed_master,1.0,
AL000619,SH000619,이지스263호,exact,seed_master,1.0,
AL000620,SH000620,이지스426의1호,exact,seed_master,1.0,
AL000621,SH000621,이지스KORIF사모부동산자투자신탁18A호,exact,seed_master,1.0,
AL000622,SH000622,이지스NPL4호,exact,seed_master,1.0,
AL000623,SH000623,이지스NPL일반사모부동산투자신탁제3호,exact,seed_master,1.0,
AL000624,SH000624,이지스경산로지스일반사모부동사투자신탁제1-1호(운용),exact,seed_master,1.0,
AL000625,SH000625,이지스경산스페셜시츄에이션일반사모부동산투자신탁제1호,exact,seed_master,1.0,
AL000626,SH000626,이지스고유,exact,seed_master,1.0,
AL000627,SH000627,이지스국내PF재구조화1-3호(모),exact,seed_master,1.0,
AL000628,SH000628,이지스국내PF재구조화1호(자),exact,seed_master,1.0,
AL000629,SH000629,이지스기회추구2-1호(Blind),exact,seed_master,1.0,
AL000630,SH000630,이지스기회추구2-2-1호(Blind),exact,seed_master,1.0,
AL000631,SH000631,이지스기회추구2호(Blind),exact,seed_master,1.0,
AL000632,SH000632,이지스네오밸류블라인드일반사모부동산투자신탁제1호,exact,seed_master,1.0,
AL000633,SH000633,이지스랜드플랫폼일반사모부동산투자신탁제1-1호(Blind),exact,seed_master,1.0,
AL000634,SH000634,이지스레지던스리츠,exact,seed_master,1.0,
AL000635,SH000635,이지스리빙플랫폼일반사모부동산자투자신탁제1호(Blind),exact,seed_master,1.0,
AL000636,SH000636,이지스리얼에셋일반사모부동산투자신탁제1호,exact,seed_master,1.0,
AL000637,SH000637,이지스린,exact,seed_master,1.0,
AL000638,SH000638,이지스밸류리츠,exact,seed_master,1.0,
AL000639,SH000639,이지스밸류플러스리츠,exact,seed_master,1.0,
AL000640,SH000640,이지스비즈성장공간플랫폼일반사모부동산투자신탁제1호(Blind),exact,seed_master,1.0,
AL000641,SH000641,이지스사모부동산자투자신탁 43-1호,exact,seed_master,1.0,
AL000642,SH000642,이지스사모부동산자투자신탁 43-2호,exact,seed_master,1.0,
AL000643,SH000643,이지스스트래티직 전문투자형사모부동산 자투자신탁 제1-3-3호,exact,seed_master,1.0,
AL000644,SH000644,이지스스트래티직일반사모부동산자투자신탁제1-2-3호,exact,seed_master,1.0,
AL000645,SH000645,이지스스트래티직일반사모부동산자투자신탁제1호(Blind),exact,seed_master,1.0,
AL000646,SH000646,이지스아레나스케이엘아이피1사모부동산자투자회사,exact,seed_master,1.0,
AL000647,SH000647,이지스이익참여형메자닌일반사모부동산모투자신탁제1-1호(Blind),exact,seed_master,1.0,
AL000648,SH000648,이지스이익참여형메자닌일반사모부동산모투자신탁제1-3호(Blind),exact,seed_master,1.0,
AL000649,SH000649,이지스이익참여형메자닌일반사모부동산모투자신탁제1-4호(Blind),exact,seed_master,1.0,
AL000650,SH000650,이지스인컴앤그로스일반사모부동산자투자신탁제2호(Blind),exact,seed_master,1.0,
AL000651,SH000651,이지스일반사모부동산자투자신탁제125-2호,exact,seed_master,1.0,
AL000652,SH000652,이지스일반사모부동산자투자신탁제130-4호,exact,seed_master,1.0,
AL000653,SH000653,이지스일반사모부동산자투자신탁제130-5호,exact,seed_master,1.0,
AL000654,SH000654,이지스일반사모부동산자투자신탁제482호,exact,seed_master,1.0,
AL000655,SH000655,이지스일반사모부동산자투자신탁제562의1호,exact,seed_master,1.0,
AL000656,SH000656,이지스일반사모부동산투자신탁156호,exact,seed_master,1.0,
AL000657,SH000657,이지스일반사모부동산투자신탁460호,exact,seed_master,1.0,
AL000658,SH000658,이지스일반사모부동산투자신탁제454호,exact,seed_master,1.0,
AL000659,SH000659,이지스일반사모부동산투자신탁제462호,exact,seed_master,1.0,
AL000660,SH000660,이지스일반사모부동산투자신탁제468-1호,exact,seed_master,1.0,
AL000661,SH000661,이지스일반사모부동산투자신탁제473호,exact,seed_master,1.0,
AL000662,SH000662,이지스일반사모부동산투자신탁제508호,exact,seed_master,1.0,
AL000663,SH000663,이지스일반사모부동산투자신탁제517의1호,exact,seed_master,1.0,
AL000664,SH000664,이지스자산운용,exact,seed_master,1.0,
AL000665,SH000665,이지스자산운용(1종),exact,seed_master,1.0,
AL000666,SH000666,이지스자산운용(2종),exact,seed_master,1.0,
AL000667,SH000667,이지스자산운용(A종),exact,seed_master,1.0,
AL000668,SH000668,이지스자산운용(B종),exact,seed_master,1.0,
AL000669,SH000669,이지스장기안정형주거플랫폼일반사모부동산투자신탁제1호(Blind),exact,seed_master,1.0,
AL000670,SH000670,이지스장기지분형일반사모부동산자투자신탁1-1호(자펀드)(Blind),exact,seed_master,1.0,
AL000671,SH000671,이지스장기지분형일반사모부동산자투자신탁1-2호(자펀드)(Blind),exact,seed_master,1.0,
AL000672,SH000672,이지스장기지분형일반사모부동산자투자신탁1-3호(자펀드)(Blind),exact,seed_master,1.0,
AL000673,SH000673,이지스전문사모120호,exact,seed_master,1.0,
AL000674,SH000674,이지스전문사모121호,exact,seed_master,1.0,
AL000675,SH000675,이지스전문투자형사모부동산투자신탁312호,exact,seed_master,1.0,
AL000676,SH000676,이지스전문투자형사모부동산투자신탁384호,exact,seed_master,1.0,
AL000677,SH000677,이지스전문투자형사모부동산투자신탁제411호,exact,seed_master,1.0,
AL000678,SH000678,이지스제555호부동산일반사모투자회사,exact,seed_master,1.0,
AL000679,SH000679,이지스케이엘아이피1사모부동산자투자회사,exact,seed_master,1.0,
AL000680,SH000680,이지스해운대일반사모부동산투자신탁제1호,exact,seed_master,1.0,
AL000681,SH000681,이코노미쿠스,exact,seed_master,1.0,
AL000682,SH000682,인성저축은행,exact,seed_master,1.0,
AL000683,SH000683,인천도시공사,exact,seed_master,1.0,
AL000684,SH000684,인컴앤그로스 2-4-4호,exact,seed_master,1.0,
AL000685,SH000685,자이C&A,exact,seed_master,1.0,
AL000686,SH000686,잠재 SI,exact,seed_master,1.0,
AL000687,SH000687,잠재 임차인,exact,seed_master,1.0,
AL000688,SH000688,장은혜,exact,seed_master,1.0,
AL000689,SH000689,장풍이노베이션,exact,seed_master,1.0,
AL000690,SH000690,전문건설공제조합,exact,seed_master,1.0,
AL000691,SH000691,전북은행,exact,seed_master,1.0,
AL000692,SH000692,정림,exact,seed_master,1.0,
AL000693,SH000693,정석우(개인),exact,seed_master,1.0,
AL000694,SH000694,제이알디개발,exact,seed_master,1.0,
AL000695,SH000695,제이앤파트너인베스트먼트,exact,seed_master,1.0,
AL000696,SH000696,제이에스티나,exact,seed_master,1.0,
AL000697,SH000697,제이온클로버,exact,seed_master,1.0,
AL000698,SH000698,제이와이제이제팔차,exact,seed_master,1.0,
AL000699,SH000699,제이케이로지스,exact,seed_master,1.0,
AL000700,SH000700,제이티저축은행,exact,seed_master,1.0,
AL000701,SH000701,제이피어반디,exact,seed_master,1.0,
AL000702,SH000702,제주은행,exact,seed_master,1.0,
AL000703,SH000703,제주중앙신용협동조합,exact,seed_master,1.0,
AL000704,SH000704,제쿠먼인베스트먼트(유),exact,seed_master,1.0,
AL000705,SH000705,젠스타메이트,exact,seed_master,1.0,
AL000706,SH000706,조은저축은행,exact,seed_master,1.0,
AL000707,SH000707,주민단,exact,seed_master,1.0,
AL000708,SH000708,주주대여,exact,seed_master,1.0,
AL000709,SH000709,주택도시보증공사(주택도시기금),exact,seed_master,1.0,
AL000710,SH000710,중국건설은행,exact,seed_master,1.0,
AL000711,SH000711,중국농업은행,exact,seed_master,1.0,
AL000712,SH000712,중국은행,exact,seed_master,1.0,
AL000713,SH000713,중소기업중앙회,exact,seed_master,1.0,
AL000714,SH000714,쥐피아이제십구차,exact,seed_master,1.0,
AL000715,SH000715,지아이비시스템제일차,exact,seed_master,1.0,
AL000716,SH000716,지에프인베스트먼트,exact,seed_master,1.0,
AL000717,SH000717,지엠뉴욕(자금보충기관: 메리츠증권),exact,seed_master,1.0,
AL000718,SH000718,지엠뉴욕제이차,exact,seed_master,1.0,
AL000719,SH000719,지엠더원,exact,seed_master,1.0,
AL000720,SH000720,지티에이,exact,seed_master,1.0,
AL000721,SH000721,진주저축은행,exact,seed_master,1.0,
AL000722,SH000722,진흥기업,exact,seed_master,1.0,
AL000723,SH000723,차건축,exact,seed_master,1.0,
AL000724,SH000724,창조,exact,seed_master,1.0,
AL000725,SH000725,천호스테이션하우징(PFV),exact,seed_master,1.0,
AL000726,SH000726,축협(강진완도축산농업협동조합),exact,seed_master,1.0,
AL000727,SH000727,축협(상주축산업협동조합),exact,seed_master,1.0,
AL000728,SH000728,축협(순천광양축산업협동조합),exact,seed_master,1.0,
AL000729,SH000729,축협(장흥축산업협동조합),exact,seed_master,1.0,
AL000730,SH000730,축협(함양산청축산업협동조합),exact,seed_master,1.0,
AL000731,SH000731,캠코,exact,seed_master,1.0,
AL000732,SH000732,캡스톤일반사모부동산투자신탁35호(전문),exact,seed_master,1.0,
AL000733,SH000733,컨설팅,exact,seed_master,1.0,
AL000734,SH000734,케이리츠투자운용,exact,seed_master,1.0,
AL000735,SH000735,케이비시그니쳐제일차유한회사,exact,seed_master,1.0,
AL000736,SH000736,케이앤비개발,exact,seed_master,1.0,
AL000737,SH000737,케이에이치엘제일차,exact,seed_master,1.0,
AL000738,SH000738,케이티에스테이트,exact,seed_master,1.0,
AL000739,SH000739,켄달스퀘어자산운용,exact,seed_master,1.0,
AL000740,SH000740,코리아신탁,exact,seed_master,1.0,
AL000741,SH000741,코리안리재보험,exact,seed_master,1.0,
AL000742,SH000742,코리안리재보험(주),exact,seed_master,1.0,
AL000743,SH000743,코어플랫폼1호(Blind),exact,seed_master,1.0,
AL000744,SH000744,쿠거인더주피에프브이(PFV),exact,seed_master,1.0,
AL000745,SH000745,쿼드에스알피제일차,exact,seed_master,1.0,
AL000746,SH000746,키움저축은행,exact,seed_master,1.0,
AL000747,SH000747,키움증권,exact,seed_master,1.0,
AL000748,SH000748,키움캐피탈,exact,seed_master,1.0,
AL000749,SH000749,키움투자자산운용,exact,seed_master,1.0,
AL000750,SH000750,키웨스트자산운용,exact,seed_master,1.0,
AL000751,SH000751,태영건설,exact,seed_master,1.0,
AL000752,SH000752,태재홀딩스,exact,seed_master,1.0,
AL000753,SH000753,투자자1,exact,seed_master,1.0,
AL000754,SH000754,판교엠버제일차,exact,seed_master,1.0,
AL000755,SH000755,퍼시픽제33호전문사모부동산투자유한회사,exact,seed_master,1.0,
AL000756,SH000756,펜토건설,exact,seed_master,1.0,
AL000757,SH000757,포스코A&C,exact,seed_master,1.0,
AL000758,SH000758,포스코이앤씨,exact,seed_master,1.0,
AL000759,SH000759,푸른덴셜생명보험,exact,seed_master,1.0,
AL000760,SH000760,푸른인베스트먼트,exact,seed_master,1.0,
AL000761,SH000761,푸른저축은행,exact,seed_master,1.0,
AL000762,SH000762,푸본현대생명보험,exact,seed_master,1.0,
AL000763,SH000763,프라임비전제일차,exact,seed_master,1.0,
AL000764,SH000764,피벗플러스,exact,seed_master,1.0,
AL000765,SH000765,피에스텍,exact,seed_master,1.0,
AL000766,SH000766,핀포인트,exact,seed_master,1.0,
AL000767,SH000767,하나,exact,seed_master,1.0,
AL000768,SH000768,하나레지던스2호,exact,seed_master,1.0,
AL000769,SH000769,하나생명보험,exact,seed_master,1.0,
AL000770,SH000770,하나손해보험,exact,seed_master,1.0,
AL000771,SH000771,하나에프앤아이(하나F&I),exact,seed_master,1.0,
AL000772,SH000772,하나은행,exact,seed_master,1.0,
AL000773,SH000773,하나증권,exact,seed_master,1.0,
AL000774,SH000774,하나캐피탈,exact,seed_master,1.0,
AL000775,SH000775,하나커넥트,exact,seed_master,1.0,
AL000776,SH000776,하우징플랫폼(Blind),exact,seed_master,1.0,
AL000777,SH000777,하인즈코리아투자자문,exact,seed_master,1.0,
AL000778,SH000778,한국교직원공제회,exact,seed_master,1.0,
AL000779,SH000779,한국부동산에스앤디,exact,seed_master,1.0,
AL000780,SH000780,한국산업단지공단,exact,seed_master,1.0,
AL000781,SH000781,한국자산관리공사,exact,seed_master,1.0,
AL000782,SH000782,한국자산신탁,exact,seed_master,1.0,
AL000783,SH000783,한국저축은행,exact,seed_master,1.0,
AL000784,SH000784,한국증권금융,exact,seed_master,1.0,
AL000785,SH000785,한국증권금융(신한부동산론전문투자형사모부동산투자신탁제2호의 신탁업자로서),exact,seed_master,1.0,
AL000786,SH000786,한국지방재정공제회,exact,seed_master,1.0,
AL000787,SH000787,한국투자부동산신탁,exact,seed_master,1.0,
AL000788,SH000788,한국투자저축은행,exact,seed_master,1.0,
AL000789,SH000789,한국투자증권,exact,seed_master,1.0,
AL000790,SH000790,한국투자캐피탈,exact,seed_master,1.0,
AL000791,SH000791,한국파마,exact,seed_master,1.0,
AL000792,SH000792,한국해양진흥공사,exact,seed_master,1.0,
AL000793,SH000793,한림 CM,exact,seed_master,1.0,
AL000794,SH000794,한림개발,exact,seed_master,1.0,
AL000795,SH000795,한미글로벌,exact,seed_master,1.0,
AL000796,SH000796,한미글로벌건축사사무소,exact,seed_master,1.0,
AL000797,SH000797,한성저축은행,exact,seed_master,1.0,
AL000798,SH000798,한세실업,exact,seed_master,1.0,
AL000799,SH000799,한세예스24홀딩스,exact,seed_master,1.0,
AL000800,SH000800,한신공영,exact,seed_master,1.0,
AL000801,SH000801,한전,exact,seed_master,1.0,
AL000802,SH000802,한중건설,exact,seed_master,1.0,
AL000803,SH000803,한화,exact,seed_master,1.0,
AL000804,SH000804,한화건설,exact,seed_master,1.0,
AL000805,SH000805,한화생명,exact,seed_master,1.0,
AL000806,SH000806,한화생명보험,exact,seed_master,1.0,
AL000807,SH000807,한화손해보험,exact,seed_master,1.0,
AL000808,SH000808,한화저축은행,exact,seed_master,1.0,
AL000809,SH000809,한화투자증권,exact,seed_master,1.0,
AL000810,SH000810,한화투자증권(A),exact,seed_master,1.0,
AL000811,SH000811,한화투자증권(C-i),exact,seed_master,1.0,
AL000812,SH000812,한화호텔앤드리조트,exact,seed_master,1.0,
AL000813,SH000813,해비치호텔앤드리조트,exact,seed_master,1.0,
AL000814,SH000814,해안,exact,seed_master,1.0,
AL000815,SH000815,행정공제회,exact,seed_master,1.0,
AL000816,SH000816,헤리티지자산운용,exact,seed_master,1.0,
AL000817,SH000817,현대건설,exact,seed_master,1.0,
AL000818,SH000818,현대산업개발,exact,seed_master,1.0,
AL000819,SH000819,현대아산,exact,seed_master,1.0,
AL000820,SH000820,현대엔지니어링,exact,seed_master,1.0,
AL000821,SH000821,현대인베스트먼트자산운용㈜ 1호 펀드,exact,seed_master,1.0,
AL000822,SH000822,현대차정몽구재단,exact,seed_master,1.0,
AL000823,SH000823,현대차증권,exact,seed_master,1.0,
AL000824,SH000824,현대카드,exact,seed_master,1.0,
AL000825,SH000825,현대캐피탈,exact,seed_master,1.0,
AL000826,SH000826,현대커머셜,exact,seed_master,1.0,
AL000827,SH000827,현대해상화재보험,exact,seed_master,1.0,
AL000828,SH000828,호텔롯데,exact,seed_master,1.0,
AL000829,SH000829,홈플러스,exact,seed_master,1.0,
AL000830,SH000830,홍콩상하이은행,exact,seed_master,1.0,
AL000831,SH000831,효성중공업,exact,seed_master,1.0,
AL000832,SH000832,효성캐피탈,exact,seed_master,1.0,
AL000833,SH000833,휴온스글로벌,exact,seed_master,1.0,
AL000834,SH000834,흥국생명보험,exact,seed_master,1.0,
AL000835,SH000835,흥국저축은행,exact,seed_master,1.0,
AL000836,SH000836,흥국화재해상보험,exact,seed_master,1.0,
AL000837,SH000837,희림,exact,seed_master,1.0,
